{
	"credit": "Made with Blockbench",
	"texture_size": [64, 64],
	"textures": {
		"0": "blockbench/alex_hat",
		"particle": "blockbench/alex_hat"
	},
	"elements": [
		{
			"from": [13, 7, 1],
			"to": [14, 7, 16],
			"rotation": {"angle": 0, "axis": "y", "origin": [8.3806, 6.91342, 7]},
			"faces": {
				"north": {"uv": [1, 8.25, 0.75, 4.5], "texture": "#0"},
				"east": {"uv": [1, 8.25, 0.75, 4.5], "texture": "#0"},
				"south": {"uv": [1, 8.25, 0.75, 4.5], "texture": "#0"},
				"west": {"uv": [1, 8.25, 0.75, 4.5], "texture": "#0"},
				"up": {"uv": [1, 8.25, 0.75, 4.5], "texture": "#0"},
				"down": {"uv": [1, 4.5, 0.75, 8.25], "texture": "#0"}
			}
		},
		{
			"from": [14, 7, 2],
			"to": [15, 7, 15],
			"rotation": {"angle": 0, "axis": "y", "origin": [8.3806, 6.91342, 7]},
			"faces": {
				"north": {"uv": [1.25, 7.75, 1, 4.5], "texture": "#0"},
				"east": {"uv": [1.25, 7.75, 1, 4.5], "texture": "#0"},
				"south": {"uv": [1.25, 7.75, 1, 4.5], "texture": "#0"},
				"west": {"uv": [1.25, 7.75, 1, 4.5], "texture": "#0"},
				"up": {"uv": [1.25, 7.75, 1, 4.5], "texture": "#0"},
				"down": {"uv": [1.25, 4.5, 1, 7.75], "texture": "#0"}
			}
		},
		{
			"from": [15, 7, 3],
			"to": [16, 7, 14],
			"rotation": {"angle": 0, "axis": "y", "origin": [8.3806, 6.91342, 7]},
			"faces": {
				"north": {"uv": [1.5, 7.25, 1.25, 4.5], "texture": "#0"},
				"east": {"uv": [1.5, 7.25, 1.25, 4.5], "texture": "#0"},
				"south": {"uv": [1.5, 7.25, 1.25, 4.5], "texture": "#0"},
				"west": {"uv": [1.5, 7.25, 1.25, 4.5], "texture": "#0"},
				"up": {"uv": [1.5, 7.25, 1.25, 4.5], "texture": "#0"},
				"down": {"uv": [1.5, 7.25, 1.25, 4.5], "texture": "#0"}
			}
		},
		{
			"from": [3.30448, 5.46927, 1],
			"to": [4.30448, 5.46927, 16],
			"rotation": {"angle": -22.5, "axis": "z", "origin": [8, 7, 8]},
			"faces": {
				"north": {"uv": [0, 0, 0.25, 0], "texture": "#0"},
				"east": {"uv": [0, 0, 3.75, 0], "texture": "#0"},
				"south": {"uv": [0, 0, 0.25, 0], "texture": "#0"},
				"west": {"uv": [0, 0, 3.75, 0], "texture": "#0"},
				"up": {"uv": [0.25, 8.25, 0, 4.5], "texture": "#0"},
				"down": {"uv": [1.75, 4.5, 1.5, 8.25], "texture": "#0"}
			}
		},
		{
			"from": [2.30448, 5.46927, 2],
			"to": [3.30448, 5.46927, 15],
			"rotation": {"angle": -22.5, "axis": "z", "origin": [8, 7, 8]},
			"faces": {
				"north": {"uv": [0, 0, 0.25, 0], "texture": "#0"},
				"east": {"uv": [0, 0, 3.25, 0], "texture": "#0"},
				"south": {"uv": [0, 0, 0.25, 0], "texture": "#0"},
				"west": {"uv": [0, 0, 3.25, 0], "texture": "#0"},
				"up": {"uv": [0.5, 7.75, 0.25, 4.5], "texture": "#0"},
				"down": {"uv": [2, 4.5, 1.75, 7.75], "texture": "#0"}
			}
		},
		{
			"from": [4, 7, 0],
			"to": [13, 7, 4],
			"rotation": {"angle": 0, "axis": "y", "origin": [8, 7, 8]},
			"faces": {
				"north": {"uv": [6.75, 2.5, 4.5, 1.5], "texture": "#0"},
				"east": {"uv": [6.75, 2.5, 4.5, 1.5], "texture": "#0"},
				"south": {"uv": [6.75, 2.5, 4.5, 1.5], "texture": "#0"},
				"west": {"uv": [6.75, 2.5, 4.5, 1.5], "texture": "#0"},
				"up": {"uv": [6.75, 2.5, 4.5, 1.5], "texture": "#0"},
				"down": {"uv": [6.75, 1.5, 4.5, 2.5], "texture": "#0"}
			}
		},
		{
			"from": [1.30448, 5.46927, 3],
			"to": [2.30448, 5.46927, 14],
			"rotation": {"angle": -22.5, "axis": "z", "origin": [8, 7, 8]},
			"faces": {
				"north": {"uv": [0, 0, 0.25, 0], "texture": "#0"},
				"east": {"uv": [0, 0, 2.75, 0], "texture": "#0"},
				"south": {"uv": [0, 0, 0.25, 0], "texture": "#0"},
				"west": {"uv": [0, 0, 2.75, 0], "texture": "#0"},
				"up": {"uv": [0.75, 7.25, 0.5, 4.5], "texture": "#0"},
				"down": {"uv": [2.5, 4.5, 2.25, 7.25], "texture": "#0"}
			}
		},
		{
			"from": [4, 7, 13],
			"to": [13, 7, 17],
			"rotation": {"angle": 0, "axis": "y", "origin": [8, 7, 8]},
			"faces": {
				"north": {"uv": [6.75, 3.5, 4.5, 2.5], "texture": "#0"},
				"east": {"uv": [6.75, 3.5, 4.5, 2.5], "texture": "#0"},
				"south": {"uv": [6.75, 3.5, 4.5, 2.5], "texture": "#0"},
				"west": {"uv": [6.75, 3.5, 4.5, 2.5], "texture": "#0"},
				"up": {"uv": [6.75, 3.5, 4.5, 2.5], "texture": "#0"},
				"down": {"uv": [6.75, 2.5, 4.5, 3.5], "texture": "#0"}
			}
		},
		{
			"from": [4, 11, 4],
			"to": [13, 11, 13],
			"faces": {
				"north": {"uv": [0, 0, 2.25, 0], "texture": "#0"},
				"east": {"uv": [0, 0, 2.25, 0], "texture": "#0"},
				"south": {"uv": [0, 0, 2.25, 0], "texture": "#0"},
				"west": {"uv": [0, 0, 2.25, 0], "texture": "#0"},
				"up": {"uv": [2.25, 2.25, 0, 0], "texture": "#0"},
				"down": {"uv": [2.25, 2.25, 0, 4.5], "texture": "#0"}
			}
		},
		{
			"from": [4, 7, 4],
			"to": [13, 11, 4],
			"faces": {
				"north": {"uv": [6.75, 1, 9, 2], "texture": "#0"},
				"east": {"uv": [0, 0, 0, 1], "texture": "#0"},
				"south": {"uv": [6.75, 2, 9, 3], "texture": "#0"},
				"west": {"uv": [0, 0, 0, 1], "texture": "#0"},
				"up": {"uv": [2.25, 0, 0, 0], "texture": "#0"},
				"down": {"uv": [2.25, 0, 0, 0], "texture": "#0"}
			}
		},
		{
			"from": [3.75, 7.25, 3.75],
			"to": [13.25, 9, 3.75],
			"faces": {
				"north": {"uv": [13.5, 0, 16, 0.5], "texture": "#0"},
				"east": {"uv": [5.5, 8, 8, 8.5], "texture": "#0"},
				"south": {"uv": [0, 11.75, 2.5, 12.25], "texture": "#0"},
				"west": {"uv": [5.5, 8, 8, 8.5], "texture": "#0"},
				"up": {"uv": [5.5, 8, 8, 8.5], "texture": "#0"},
				"down": {"uv": [5.5, 8, 8, 8.5], "texture": "#0"}
			}
		},
		{
			"from": [3.75, 7.25, 3.5],
			"to": [13.25, 9, 3.5],
			"faces": {
				"north": {"uv": [5.5, 8, 8, 8.5], "texture": "#0"},
				"east": {"uv": [5.5, 8, 8, 8.5], "texture": "#0"},
				"south": {"uv": [0, 12.5, 2.5, 13], "texture": "#0"},
				"west": {"uv": [5.5, 8, 8, 8.5], "texture": "#0"},
				"up": {"uv": [5.5, 8, 8, 8.5], "texture": "#0"},
				"down": {"uv": [5.5, 8, 8, 8.5], "texture": "#0"}
			}
		},
		{
			"from": [3.75, 7.25, 13.25],
			"to": [13.25, 9, 13.25],
			"faces": {
				"north": {"uv": [5.5, 8.5, 8, 9], "texture": "#0"},
				"east": {"uv": [5.5, 8.5, 8, 9], "texture": "#0"},
				"south": {"uv": [5.5, 8.5, 8, 9], "texture": "#0"},
				"west": {"uv": [5.5, 8.5, 8, 9], "texture": "#0"},
				"up": {"uv": [5.5, 8.5, 8, 9], "texture": "#0"},
				"down": {"uv": [5.5, 8.5, 8, 9], "texture": "#0"}
			}
		},
		{
			"from": [4, 7, 13],
			"to": [13, 11, 13],
			"faces": {
				"north": {"uv": [6.75, 3, 9, 4], "texture": "#0"},
				"east": {"uv": [0, 0, 0, 1], "texture": "#0"},
				"south": {"uv": [6.75, 4, 9, 5], "texture": "#0"},
				"west": {"uv": [0, 0, 0, 1], "texture": "#0"},
				"up": {"uv": [2.25, 0, 0, 0], "texture": "#0"},
				"down": {"uv": [2.25, 0, 0, 0], "texture": "#0"}
			}
		},
		{
			"from": [4, 7, 4],
			"to": [4, 11, 13],
			"faces": {
				"north": {"uv": [0, 0, 0, 1], "texture": "#0"},
				"east": {"uv": [6.75, 5, 9, 6], "texture": "#0"},
				"south": {"uv": [0, 0, 0, 1], "texture": "#0"},
				"west": {"uv": [4.5, 7, 6.75, 8], "texture": "#0"},
				"up": {"uv": [0, 2.25, 0, 0], "texture": "#0"},
				"down": {"uv": [0, 0, 0, 2.25], "texture": "#0"}
			}
		},
		{
			"from": [13, 7, 4],
			"to": [13, 11, 13],
			"faces": {
				"north": {"uv": [0, 0, 0, 1], "texture": "#0"},
				"east": {"uv": [6.75, 7, 9, 8], "texture": "#0"},
				"south": {"uv": [0, 0, 0, 1], "texture": "#0"},
				"west": {"uv": [7.25, 6, 9.5, 7], "texture": "#0"},
				"up": {"uv": [0, 2.25, 0, 0], "texture": "#0"},
				"down": {"uv": [0, 0, 0, 2.25], "texture": "#0"}
			}
		},
		{
			"from": [3.75, 7.25, 3.75],
			"to": [3.75, 9, 13.25],
			"faces": {
				"north": {"uv": [0, 0, 0, 0.5], "texture": "#0"},
				"east": {"uv": [0, 8.75, 2.5, 9.25], "texture": "#0"},
				"south": {"uv": [0, 0, 0, 0.5], "texture": "#0"},
				"west": {"uv": [0, 13, 2.5, 13.5], "texture": "#0"},
				"up": {"uv": [0, 2.5, 0, 0], "texture": "#0"},
				"down": {"uv": [0, 0, 0, 2.5], "texture": "#0"}
			}
		},
		{
			"from": [13.25, 7.25, 3.75],
			"to": [13.25, 9, 13.25],
			"faces": {
				"north": {"uv": [9, 1.5, 11.5, 2], "texture": "#0"},
				"east": {"uv": [5.5, 8.5, 8, 9], "texture": "#0"},
				"south": {"uv": [9, 1.5, 11.5, 2], "texture": "#0"},
				"west": {"uv": [0, 8.75, 2.5, 9.25], "texture": "#0"},
				"up": {"uv": [9, 1.5, 11.5, 2], "texture": "#0"},
				"down": {"uv": [9, 1.5, 11.5, 2], "texture": "#0"}
			}
		},
		{
			"from": [1.22874, 5.14897, 3],
			"to": [1.22874, 8.14897, 14],
			"rotation": {"angle": 0, "axis": "y", "origin": [-0.02126, 0.14897, 0]},
			"faces": {
				"north": {"uv": [2.75, 8, 5.5, 8.75], "texture": "#0"},
				"east": {"uv": [2.75, 8, 5.5, 8.75], "texture": "#0"},
				"south": {"uv": [2.75, 8, 5.5, 8.75], "texture": "#0"},
				"west": {"uv": [2.75, 8, 5.5, 8.75], "texture": "#0"},
				"up": {"uv": [2.75, 8, 5.5, 8.75], "texture": "#0"},
				"down": {"uv": [2.75, 8, 5.5, 8.75], "texture": "#0"}
			}
		},
		{
			"from": [13.3, 7.7, 14.09645],
			"to": [13.3, 8.45, 14.84645],
			"rotation": {"angle": -22.5, "axis": "x", "origin": [13.25, 5.25, 9]},
			"faces": {
				"north": {"uv": [15.75, 1.25, 16, 1.5], "rotation": 270, "texture": "#0"},
				"east": {"uv": [15.75, 1.25, 16, 1.5], "texture": "#0"},
				"south": {"uv": [15.75, 1.25, 16, 1.5], "rotation": 90, "texture": "#0"},
				"west": {"uv": [15.75, 1.25, 16, 1.5], "rotation": 180, "texture": "#0"},
				"up": {"uv": [15.75, 1.25, 16, 1.5], "rotation": 270, "texture": "#0"},
				"down": {"uv": [15.75, 1.25, 16, 1.5], "rotation": 90, "texture": "#0"}
			}
		},
		{
			"from": [13.3, 8.45, 14.09645],
			"to": [13.3, 9.2, 14.84645],
			"rotation": {"angle": -22.5, "axis": "x", "origin": [13.25, 5.25, 9]},
			"faces": {
				"north": {"uv": [15.75, 2.25, 16, 2.5], "rotation": 270, "texture": "#0"},
				"east": {"uv": [15.75, 2.25, 16, 2.5], "texture": "#0"},
				"south": {"uv": [15.75, 2.25, 16, 2.5], "rotation": 90, "texture": "#0"},
				"west": {"uv": [15.75, 2.25, 16, 2.5], "rotation": 180, "texture": "#0"},
				"up": {"uv": [15.75, 2.25, 16, 2.5], "rotation": 270, "texture": "#0"},
				"down": {"uv": [15.75, 2.25, 16, 2.5], "rotation": 90, "texture": "#0"}
			}
		},
		{
			"from": [13.3, 7.7, 13.34645],
			"to": [13.3, 8.45, 14.09645],
			"rotation": {"angle": -22.5, "axis": "x", "origin": [13.25, 5.25, 9]},
			"faces": {
				"north": {"uv": [15.75, 4.25, 16, 4.5], "rotation": 270, "texture": "#0"},
				"east": {"uv": [15.75, 4.25, 16, 4.5], "texture": "#0"},
				"south": {"uv": [15.75, 4.25, 16, 4.5], "rotation": 90, "texture": "#0"},
				"west": {"uv": [15.75, 4.25, 16, 4.5], "rotation": 180, "texture": "#0"},
				"up": {"uv": [15.75, 4.25, 16, 4.5], "rotation": 270, "texture": "#0"},
				"down": {"uv": [15.75, 4.25, 16, 4.5], "rotation": 90, "texture": "#0"}
			}
		},
		{
			"from": [13.3, 8.45, 13.34645],
			"to": [13.3, 9.2, 14.09645],
			"rotation": {"angle": -22.5, "axis": "x", "origin": [13.25, 5.25, 9]},
			"faces": {
				"north": {"uv": [15.75, 5, 16, 5.25], "rotation": 270, "texture": "#0"},
				"east": {"uv": [15.75, 5, 16, 5.25], "texture": "#0"},
				"south": {"uv": [15.75, 5, 16, 5.25], "rotation": 90, "texture": "#0"},
				"west": {"uv": [15.75, 5, 16, 5.25], "rotation": 180, "texture": "#0"},
				"up": {"uv": [15.75, 5, 16, 5.25], "rotation": 270, "texture": "#0"},
				"down": {"uv": [15.75, 5, 16, 5.25], "rotation": 90, "texture": "#0"}
			}
		},
		{
			"from": [13.3, 7.7, 11.84645],
			"to": [13.3, 8.45, 12.59645],
			"rotation": {"angle": -22.5, "axis": "x", "origin": [13.25, 5.25, 9]},
			"faces": {
				"north": {"uv": [15.75, 2.5, 16, 2.75], "rotation": 270, "texture": "#0"},
				"east": {"uv": [15.75, 2.5, 16, 2.75], "texture": "#0"},
				"south": {"uv": [15.75, 2.5, 16, 2.75], "rotation": 90, "texture": "#0"},
				"west": {"uv": [15.75, 2.5, 16, 2.75], "rotation": 180, "texture": "#0"},
				"up": {"uv": [15.75, 2.5, 16, 2.75], "rotation": 270, "texture": "#0"},
				"down": {"uv": [15.75, 2.5, 16, 2.75], "rotation": 90, "texture": "#0"}
			}
		},
		{
			"from": [13.3, 8.45, 11.84645],
			"to": [13.3, 9.2, 12.59645],
			"rotation": {"angle": -22.5, "axis": "x", "origin": [13.25, 5.25, 9]},
			"faces": {
				"north": {"uv": [15.75, 2.75, 16, 3], "rotation": 270, "texture": "#0"},
				"east": {"uv": [15.75, 2.75, 16, 3], "texture": "#0"},
				"south": {"uv": [15.75, 2.75, 16, 3], "rotation": 90, "texture": "#0"},
				"west": {"uv": [15.75, 2.75, 16, 3], "rotation": 180, "texture": "#0"},
				"up": {"uv": [15.75, 2.75, 16, 3], "rotation": 270, "texture": "#0"},
				"down": {"uv": [15.75, 2.75, 16, 3], "rotation": 90, "texture": "#0"}
			}
		},
		{
			"from": [13.3, 8.45, 12.59645],
			"to": [13.3, 9.2, 13.34645],
			"rotation": {"angle": -22.5, "axis": "x", "origin": [13.25, 5.25, 9]},
			"faces": {
				"north": {"uv": [15.75, 1.75, 16, 2], "rotation": 270, "texture": "#0"},
				"east": {"uv": [15.75, 1.75, 16, 2], "texture": "#0"},
				"south": {"uv": [15.75, 1.75, 16, 2], "rotation": 90, "texture": "#0"},
				"west": {"uv": [15.75, 1.75, 16, 2], "rotation": 180, "texture": "#0"},
				"up": {"uv": [15.75, 1.75, 16, 2], "rotation": 270, "texture": "#0"},
				"down": {"uv": [15.75, 1.75, 16, 2], "rotation": 90, "texture": "#0"}
			}
		},
		{
			"from": [13.3, 6.95, 12.59645],
			"to": [13.3, 7.7, 13.34645],
			"rotation": {"angle": -22.5, "axis": "x", "origin": [13.25, 5.25, 9]},
			"faces": {
				"north": {"uv": [15.75, 6.5, 16, 6.75], "rotation": 270, "texture": "#0"},
				"east": {"uv": [15.75, 6.5, 16, 6.75], "texture": "#0"},
				"south": {"uv": [15.75, 6.5, 16, 6.75], "rotation": 90, "texture": "#0"},
				"west": {"uv": [15.75, 6.5, 16, 6.75], "rotation": 180, "texture": "#0"},
				"up": {"uv": [15.75, 6.5, 16, 6.75], "rotation": 270, "texture": "#0"},
				"down": {"uv": [15.75, 6.5, 16, 6.75], "rotation": 90, "texture": "#0"}
			}
		},
		{
			"from": [13.3, 6.95, 11.84645],
			"to": [13.3, 7.7, 12.59645],
			"rotation": {"angle": -22.5, "axis": "x", "origin": [13.25, 5.25, 9]},
			"faces": {
				"north": {"uv": [15.75, 2, 16, 2.25], "rotation": 270, "texture": "#0"},
				"east": {"uv": [15.75, 2, 16, 2.25], "texture": "#0"},
				"south": {"uv": [15.75, 2, 16, 2.25], "rotation": 90, "texture": "#0"},
				"west": {"uv": [15.75, 2, 16, 2.25], "rotation": 180, "texture": "#0"},
				"up": {"uv": [15.75, 2, 16, 2.25], "rotation": 270, "texture": "#0"},
				"down": {"uv": [15.75, 2, 16, 2.25], "rotation": 90, "texture": "#0"}
			}
		},
		{
			"from": [13.3, 7.7, 12.59645],
			"to": [13.3, 8.45, 13.34645],
			"rotation": {"angle": -22.5, "axis": "x", "origin": [13.25, 5.25, 9]},
			"faces": {
				"north": {"uv": [15.75, 1.5, 16, 1.75], "rotation": 270, "texture": "#0"},
				"east": {"uv": [15.75, 1.5, 16, 1.75], "texture": "#0"},
				"south": {"uv": [15.75, 1.5, 16, 1.75], "rotation": 90, "texture": "#0"},
				"west": {"uv": [15.75, 1.5, 16, 1.75], "rotation": 180, "texture": "#0"},
				"up": {"uv": [15.75, 1.5, 16, 1.75], "rotation": 270, "texture": "#0"},
				"down": {"uv": [15.75, 1.5, 16, 1.75], "rotation": 90, "texture": "#0"}
			}
		},
		{
			"from": [13.3, 7.7, 8.84645],
			"to": [13.3, 8.45, 9.59645],
			"rotation": {"angle": -22.5, "axis": "x", "origin": [13.25, 5.25, 9]},
			"faces": {
				"north": {"uv": [15.75, 4.75, 16, 5], "rotation": 270, "texture": "#0"},
				"east": {"uv": [15.75, 4.75, 16, 5], "texture": "#0"},
				"south": {"uv": [15.75, 4.75, 16, 5], "rotation": 90, "texture": "#0"},
				"west": {"uv": [15.75, 4.75, 16, 5], "rotation": 180, "texture": "#0"},
				"up": {"uv": [15.75, 4.75, 16, 5], "rotation": 270, "texture": "#0"},
				"down": {"uv": [15.75, 4.75, 16, 5], "rotation": 90, "texture": "#0"}
			}
		},
		{
			"from": [13.3, 8.45, 8.84645],
			"to": [13.3, 9.2, 9.59645],
			"rotation": {"angle": -22.5, "axis": "x", "origin": [13.25, 5.25, 9]},
			"faces": {
				"north": {"uv": [15.75, 5.25, 16, 5.5], "rotation": 270, "texture": "#0"},
				"east": {"uv": [15.75, 5.25, 16, 5.5], "texture": "#0"},
				"south": {"uv": [15.75, 5.25, 16, 5.5], "rotation": 90, "texture": "#0"},
				"west": {"uv": [15.75, 5.25, 16, 5.5], "rotation": 180, "texture": "#0"},
				"up": {"uv": [15.75, 5.25, 16, 5.5], "rotation": 270, "texture": "#0"},
				"down": {"uv": [15.75, 5.25, 16, 5.5], "rotation": 90, "texture": "#0"}
			}
		},
		{
			"from": [13.3, 8.45, 8.09645],
			"to": [13.3, 9.2, 8.84645],
			"rotation": {"angle": -22.5, "axis": "x", "origin": [13.25, 5.25, 9]},
			"faces": {
				"north": {"uv": [15.75, 7, 16, 7.25], "rotation": 270, "texture": "#0"},
				"east": {"uv": [15.75, 7, 16, 7.25], "texture": "#0"},
				"south": {"uv": [15.75, 7, 16, 7.25], "rotation": 90, "texture": "#0"},
				"west": {"uv": [15.75, 7, 16, 7.25], "rotation": 180, "texture": "#0"},
				"up": {"uv": [15.75, 7, 16, 7.25], "rotation": 270, "texture": "#0"},
				"down": {"uv": [15.75, 7, 16, 7.25], "rotation": 90, "texture": "#0"}
			}
		},
		{
			"from": [13.3, 9.2, 8.09645],
			"to": [13.3, 9.95, 8.84645],
			"rotation": {"angle": -22.5, "axis": "x", "origin": [13.25, 5.25, 9]},
			"faces": {
				"north": {"uv": [15.75, 7.25, 16, 7.5], "rotation": 270, "texture": "#0"},
				"east": {"uv": [15.75, 7.25, 16, 7.5], "texture": "#0"},
				"south": {"uv": [15.75, 7.25, 16, 7.5], "rotation": 90, "texture": "#0"},
				"west": {"uv": [15.75, 7.25, 16, 7.5], "rotation": 180, "texture": "#0"},
				"up": {"uv": [15.75, 7.25, 16, 7.5], "rotation": 270, "texture": "#0"},
				"down": {"uv": [15.75, 7.25, 16, 7.5], "rotation": 90, "texture": "#0"}
			}
		},
		{
			"from": [13.3, 9.2, 8.84645],
			"to": [13.3, 9.95, 9.59645],
			"rotation": {"angle": -22.5, "axis": "x", "origin": [13.25, 5.25, 9]},
			"faces": {
				"north": {"uv": [15.75, 5.5, 16, 5.75], "rotation": 270, "texture": "#0"},
				"east": {"uv": [15.75, 5.5, 16, 5.75], "texture": "#0"},
				"south": {"uv": [15.75, 5.5, 16, 5.75], "rotation": 90, "texture": "#0"},
				"west": {"uv": [15.75, 5.5, 16, 5.75], "rotation": 180, "texture": "#0"},
				"up": {"uv": [15.75, 5.5, 16, 5.75], "rotation": 270, "texture": "#0"},
				"down": {"uv": [15.75, 5.5, 16, 5.75], "rotation": 90, "texture": "#0"}
			}
		},
		{
			"from": [13.3, 7.7, 8.09645],
			"to": [13.3, 8.45, 8.84645],
			"rotation": {"angle": -22.5, "axis": "x", "origin": [13.25, 5.25, 9]},
			"faces": {
				"north": {"uv": [15.75, 5.75, 16, 6], "rotation": 270, "texture": "#0"},
				"east": {"uv": [15.75, 5.75, 16, 6], "texture": "#0"},
				"south": {"uv": [15.75, 5.75, 16, 6], "rotation": 90, "texture": "#0"},
				"west": {"uv": [15.75, 5.75, 16, 6], "rotation": 180, "texture": "#0"},
				"up": {"uv": [15.75, 5.75, 16, 6], "rotation": 270, "texture": "#0"},
				"down": {"uv": [15.75, 5.75, 16, 6], "rotation": 90, "texture": "#0"}
			}
		},
		{
			"from": [13.3, 8.45, 9.59645],
			"to": [13.3, 9.2, 10.34645],
			"rotation": {"angle": -22.5, "axis": "x", "origin": [13.25, 5.25, 9]},
			"faces": {
				"north": {"uv": [15.75, 4.5, 16, 4.75], "rotation": 270, "texture": "#0"},
				"east": {"uv": [15.75, 4.5, 16, 4.75], "texture": "#0"},
				"south": {"uv": [15.75, 4.5, 16, 4.75], "rotation": 90, "texture": "#0"},
				"west": {"uv": [15.75, 4.5, 16, 4.75], "rotation": 180, "texture": "#0"},
				"up": {"uv": [15.75, 4.5, 16, 4.75], "rotation": 270, "texture": "#0"},
				"down": {"uv": [15.75, 4.5, 16, 4.75], "rotation": 90, "texture": "#0"}
			}
		},
		{
			"from": [13.3, 7.7, 9.59645],
			"to": [13.3, 8.45, 10.34645],
			"rotation": {"angle": -22.5, "axis": "x", "origin": [13.25, 5.25, 9]},
			"faces": {
				"north": {"uv": [15.75, 4, 16, 4.25], "rotation": 270, "texture": "#0"},
				"east": {"uv": [15.75, 4, 16, 4.25], "texture": "#0"},
				"south": {"uv": [15.75, 4, 16, 4.25], "rotation": 90, "texture": "#0"},
				"west": {"uv": [15.75, 4, 16, 4.25], "rotation": 180, "texture": "#0"},
				"up": {"uv": [15.75, 4, 16, 4.25], "rotation": 270, "texture": "#0"},
				"down": {"uv": [15.75, 4, 16, 4.25], "rotation": 90, "texture": "#0"}
			}
		},
		{
			"from": [13.3, 8.45, 10.34645],
			"to": [13.3, 9.2, 11.09645],
			"rotation": {"angle": -22.5, "axis": "x", "origin": [13.25, 5.25, 9]},
			"faces": {
				"north": {"uv": [15.75, 3.75, 16, 4], "rotation": 270, "texture": "#0"},
				"east": {"uv": [15.75, 3.75, 16, 4], "texture": "#0"},
				"south": {"uv": [15.75, 3.75, 16, 4], "rotation": 90, "texture": "#0"},
				"west": {"uv": [15.75, 3.75, 16, 4], "rotation": 180, "texture": "#0"},
				"up": {"uv": [15.75, 3.75, 16, 4], "rotation": 270, "texture": "#0"},
				"down": {"uv": [15.75, 3.75, 16, 4], "rotation": 90, "texture": "#0"}
			}
		},
		{
			"from": [13.3, 7.7, 10.34645],
			"to": [13.3, 8.45, 11.09645],
			"rotation": {"angle": -22.5, "axis": "x", "origin": [13.25, 5.25, 9]},
			"faces": {
				"north": {"uv": [15.75, 3.5, 16, 3.75], "rotation": 270, "texture": "#0"},
				"east": {"uv": [15.75, 3.5, 16, 3.75], "texture": "#0"},
				"south": {"uv": [15.75, 3.5, 16, 3.75], "rotation": 90, "texture": "#0"},
				"west": {"uv": [15.75, 3.5, 16, 3.75], "rotation": 180, "texture": "#0"},
				"up": {"uv": [15.75, 3.5, 16, 3.75], "rotation": 270, "texture": "#0"},
				"down": {"uv": [15.75, 3.5, 16, 3.75], "rotation": 90, "texture": "#0"}
			}
		},
		{
			"from": [13.3, 7.7, 11.09645],
			"to": [13.3, 8.45, 11.84645],
			"rotation": {"angle": -22.5, "axis": "x", "origin": [13.25, 5.25, 9]},
			"faces": {
				"north": {"uv": [15.75, 3, 16, 3.25], "rotation": 270, "texture": "#0"},
				"east": {"uv": [15.75, 3, 16, 3.25], "texture": "#0"},
				"south": {"uv": [15.75, 3, 16, 3.25], "rotation": 90, "texture": "#0"},
				"west": {"uv": [15.75, 3, 16, 3.25], "rotation": 180, "texture": "#0"},
				"up": {"uv": [15.75, 3, 16, 3.25], "rotation": 270, "texture": "#0"},
				"down": {"uv": [15.75, 3, 16, 3.25], "rotation": 90, "texture": "#0"}
			}
		},
		{
			"from": [13.3, 8.45, 11.09645],
			"to": [13.3, 9.2, 11.84645],
			"rotation": {"angle": -22.5, "axis": "x", "origin": [13.25, 5.25, 9]},
			"faces": {
				"north": {"uv": [15.75, 3.25, 16, 3.5], "rotation": 270, "texture": "#0"},
				"east": {"uv": [15.75, 3.25, 16, 3.5], "texture": "#0"},
				"south": {"uv": [15.75, 3.25, 16, 3.5], "rotation": 90, "texture": "#0"},
				"west": {"uv": [15.75, 3.25, 16, 3.5], "rotation": 180, "texture": "#0"},
				"up": {"uv": [15.75, 3.25, 16, 3.5], "rotation": 270, "texture": "#0"},
				"down": {"uv": [15.75, 3.25, 16, 3.5], "rotation": 90, "texture": "#0"}
			}
		},
		{
			"from": [16.25, 3.25, 3.25],
			"to": [16.25, 7.25, 14.25],
			"faces": {
				"north": {"uv": [3.75, 15, 6.5, 16], "texture": "#0"},
				"east": {"uv": [3.75, 15, 6.5, 16], "texture": "#0"},
				"south": {"uv": [3.75, 15, 6.5, 16], "texture": "#0"},
				"west": {"uv": [6.5, 15, 3.75, 16], "texture": "#0"},
				"up": {"uv": [3.75, 15, 6.5, 16], "texture": "#0"},
				"down": {"uv": [3.75, 15, 6.5, 16], "texture": "#0"}
			}
		},
		{
			"from": [15.251, 3.25, 14.249],
			"to": [16.251, 7.25, 14.249],
			"rotation": {"angle": 0, "axis": "y", "origin": [0.001, 0, -0.001]},
			"faces": {
				"north": {"uv": [6.5, 15, 6.75, 16], "texture": "#0"},
				"east": {"uv": [6.5, 15, 6.75, 16], "texture": "#0"},
				"south": {"uv": [6.5, 15, 6.75, 16], "texture": "#0"},
				"west": {"uv": [6.5, 15, 6.75, 16], "texture": "#0"},
				"up": {"uv": [6.5, 15, 6.75, 16], "texture": "#0"},
				"down": {"uv": [6.5, 15, 6.75, 16], "texture": "#0"}
			}
		},
		{
			"from": [15.25, 3.25, 14.25],
			"to": [15.25, 7.25, 15.25],
			"rotation": {"angle": 0, "axis": "y", "origin": [1.25, 2, 0.25]},
			"faces": {
				"north": {"uv": [3.5, 15, 3.75, 16], "texture": "#0"},
				"east": {"uv": [3.5, 15, 3.75, 16], "texture": "#0"},
				"south": {"uv": [3.5, 15, 3.75, 16], "texture": "#0"},
				"west": {"uv": [3.5, 15, 3.75, 16], "texture": "#0"},
				"up": {"uv": [3.5, 15, 3.75, 16], "texture": "#0"},
				"down": {"uv": [3.5, 15, 3.75, 16], "texture": "#0"}
			}
		},
		{
			"from": [14.251, 3.25, 15.249],
			"to": [15.251, 7.25, 15.249],
			"rotation": {"angle": 0, "axis": "y", "origin": [3.251, 5, -2.751]},
			"faces": {
				"north": {"uv": [3.25, 15, 3.5, 16], "texture": "#0"},
				"east": {"uv": [3.25, 15, 3.5, 16], "texture": "#0"},
				"south": {"uv": [3.25, 15, 3.5, 16], "texture": "#0"},
				"west": {"uv": [3.25, 15, 3.5, 16], "texture": "#0"},
				"up": {"uv": [3.25, 15, 3.5, 16], "texture": "#0"},
				"down": {"uv": [3.25, 15, 3.5, 16], "texture": "#0"}
			}
		},
		{
			"from": [14.25, 3.25, 15.25],
			"to": [14.25, 7.25, 16.25],
			"rotation": {"angle": 0, "axis": "y", "origin": [9.25, 5, 1.25]},
			"faces": {
				"north": {"uv": [3, 15, 3.25, 16], "texture": "#0"},
				"east": {"uv": [3, 15, 3.25, 16], "texture": "#0"},
				"south": {"uv": [3, 15, 3.25, 16], "texture": "#0"},
				"west": {"uv": [3, 15, 3.25, 16], "texture": "#0"},
				"up": {"uv": [3, 15, 3.25, 16], "texture": "#0"},
				"down": {"uv": [3, 15, 3.25, 16], "texture": "#0"}
			}
		},
		{
			"from": [13.251, 3.25, 16.249],
			"to": [14.251, 7.25, 16.249],
			"rotation": {"angle": 0, "axis": "y", "origin": [12.251, 5, -15.751]},
			"faces": {
				"north": {"uv": [2.75, 15, 3, 16], "texture": "#0"},
				"east": {"uv": [2.75, 15, 3, 16], "texture": "#0"},
				"south": {"uv": [2.75, 15, 3, 16], "texture": "#0"},
				"west": {"uv": [2.75, 15, 3, 16], "texture": "#0"},
				"up": {"uv": [2.75, 15, 3, 16], "texture": "#0"},
				"down": {"uv": [2.75, 15, 3, 16], "texture": "#0"}
			}
		},
		{
			"from": [13.251, 3.25, 16.25],
			"to": [13.251, 7.25, 17.25],
			"rotation": {"angle": 0, "axis": "y", "origin": [11.251, 5, 14.25]},
			"faces": {
				"north": {"uv": [2.5, 15, 2.75, 16], "texture": "#0"},
				"east": {"uv": [2.5, 15, 2.75, 16], "texture": "#0"},
				"south": {"uv": [2.5, 15, 2.75, 16], "texture": "#0"},
				"west": {"uv": [2.5, 15, 2.75, 16], "texture": "#0"},
				"up": {"uv": [2.5, 15, 2.75, 16], "texture": "#0"},
				"down": {"uv": [2.5, 15, 2.75, 16], "texture": "#0"}
			}
		},
		{
			"from": [7.252, 3.25, 17.249],
			"to": [13.252, 7.25, 17.249],
			"rotation": {"angle": 0, "axis": "y", "origin": [11.252, 5, -2.751]},
			"faces": {
				"north": {"uv": [13.5, 4.5, 12, 5.5], "texture": "#0"},
				"east": {"uv": [12, 4.5, 13.5, 5.5], "texture": "#0"},
				"south": {"uv": [12, 4.5, 13.5, 5.5], "texture": "#0"},
				"west": {"uv": [12, 4.5, 13.5, 5.5], "texture": "#0"},
				"up": {"uv": [12, 4.5, 13.5, 5.5], "texture": "#0"},
				"down": {"uv": [12, 4.5, 13.5, 5.5], "texture": "#0"}
			}
		},
		{
			"from": [7.251, 7.249, 3.25],
			"to": [16.251, 7.249, 17.25],
			"rotation": {"angle": 0, "axis": "y", "origin": [1.251, 0.249, 3.25]},
			"faces": {
				"north": {"uv": [11.75, 1, 14, 4.5], "texture": "#0"},
				"east": {"uv": [11.75, 1, 14, 4.5], "texture": "#0"},
				"south": {"uv": [11.75, 1, 14, 4.5], "texture": "#0"},
				"west": {"uv": [11.75, 1, 14, 4.5], "texture": "#0"},
				"up": {"uv": [11.75, 4.5, 14, 1], "texture": "#0"},
				"down": {"uv": [11.75, 1, 14, 4.5], "texture": "#0"}
			}
		}
	],
	"display": {
		"thirdperson_righthand": {
			"translation": [-0.25, 0, -1],
			"scale": [0.57, 0.57, 0.57]
		},
		"thirdperson_lefthand": {
			"translation": [-0.25, 0, -1],
			"scale": [0.57, 0.57, 0.57]
		},
		"firstperson_righthand": {
			"translation": [1.5, 0, 0]
		},
		"firstperson_lefthand": {
			"translation": [1.5, 0, 0]
		},
		"ground": {
			"scale": [0.72, 0.72, 0.72]
		},
		"gui": {
			"rotation": [23, -145, 3],
			"translation": [0.5, -0.75, 0],
			"scale": [0.83, 0.87, 0.8]
		},
		"head": {
			"rotation": [-4.5, -4, 1.5],
			"translation": [-1, 3.5, -1],
			"scale": [1.78, 1.78, 1.78]
		},
		"fixed": {
			"rotation": [-89, 0, 0],
			"translation": [0, 0, -2]
		}
	},
	"groups": [
		{
			"name": "top",
			"origin": [0, 0, 0],
			"color": 0,
			"children": [0, 1, 2, 3, 4, 5, 6, 7]
		},
		{
			"name": "group",
			"origin": [0, 0, 0],
			"color": 0,
			"children": [8, 9, 10, 11, 12, 13, 14, 15, 16, 17, 18]
		},
		{
			"name": "hat",
			"origin": [0, 0, 0],
			"color": 0,
			"children": [19, 20, 21, 22, 23, 24, 25, 26, 27, 28, 29, 30, 31, 32, 33, 34, 35, 36, 37, 38, 39, 40]
		},
		41,
		42,
		43,
		44,
		45,
		46,
		47,
		48,
		49
	]
}