{
	"credit": "Made with Blockbench",
	"texture_size": [64, 64],
	"textures": {
		"0": "blockbench/archeology_hat_blue",
		"1": "blockbench/archeology_hat_blue3",
		"2": "blockbench/archeology_hat_blue2",
		"particle": "blockbench/archeology_hat_blue3"
	},
	"elements": [
		{
			"from": [13, 7, 4],
			"to": [13, 11, 13],
			"faces": {
				"north": {"uv": [4.25, 4.5, 6.5, 5.5], "texture": "#0"},
				"east": {"uv": [4.25, 4.5, 6.5, 5.5], "texture": "#0"},
				"south": {"uv": [4.25, 4.5, 6.5, 5.5], "texture": "#0"},
				"west": {"uv": [4.25, 4.5, 6.5, 5.5], "texture": "#0"},
				"up": {"uv": [4.25, 4.5, 6.5, 5.5], "texture": "#0"},
				"down": {"uv": [4.25, 4.5, 6.5, 5.5], "texture": "#0"}
			}
		},
		{
			"from": [13.25, 7, 3.75],
			"to": [13.25, 9, 13.25],
			"faces": {
				"north": {"uv": [3, 9.25, 6, 10], "texture": "#0"},
				"east": {"uv": [3, 9.25, 6, 10], "texture": "#0"},
				"south": {"uv": [3, 9.25, 6, 10], "texture": "#0"},
				"west": {"uv": [6, 9.25, 3, 10], "texture": "#0"},
				"up": {"uv": [3, 9.25, 6, 10], "texture": "#0"},
				"down": {"uv": [3, 9.25, 6, 10], "texture": "#0"}
			}
		},
		{
			"from": [4, 7, 4],
			"to": [4, 11, 13],
			"faces": {
				"north": {"uv": [6.5, 1, 8.75, 2], "texture": "#0"},
				"east": {"uv": [6.5, 1, 8.75, 2], "texture": "#0"},
				"south": {"uv": [6.5, 1, 8.75, 2], "texture": "#0"},
				"west": {"uv": [6.5, 1, 8.75, 2], "texture": "#0"},
				"up": {"uv": [6.5, 1, 8.75, 2], "texture": "#0"},
				"down": {"uv": [6.5, 1, 8.75, 2], "texture": "#0"}
			}
		},
		{
			"from": [3.75, 7, 3.75],
			"to": [3.75, 9, 13.25],
			"faces": {
				"north": {"uv": [0, 10, 3, 10.75], "texture": "#0"},
				"east": {"uv": [0, 10, 3, 10.75], "texture": "#0"},
				"south": {"uv": [0, 10, 3, 10.75], "texture": "#0"},
				"west": {"uv": [6, 10, 9, 10.75], "texture": "#0"},
				"up": {"uv": [0, 10, 3, 10.75], "texture": "#0"},
				"down": {"uv": [0, 10, 3, 10.75], "texture": "#0"}
			}
		},
		{
			"from": [3.75, 9, 3.75],
			"to": [3.75, 11, 13.25],
			"rotation": {"angle": 0, "axis": "y", "origin": [0, -1, 0]},
			"faces": {
				"north": {"uv": [9.75, 0, 12.75, 0.75], "texture": "#0"},
				"east": {"uv": [9.75, 0, 12.75, 0.75], "texture": "#0"},
				"south": {"uv": [9.75, 0, 12.75, 0.75], "texture": "#0"},
				"west": {"uv": [12.75, 0, 9.75, 0.75], "texture": "#0"},
				"up": {"uv": [9.75, 0, 12.75, 0.75], "texture": "#0"},
				"down": {"uv": [9.75, 0, 12.75, 0.75], "texture": "#0"}
			}
		},
		{
			"from": [4, 7, 13],
			"to": [13, 11, 13],
			"faces": {
				"north": {"uv": [6.5, 3, 8.75, 4], "texture": "#0"},
				"east": {"uv": [6.5, 3, 8.75, 4], "texture": "#0"},
				"south": {"uv": [6.5, 3, 8.75, 4], "texture": "#0"},
				"west": {"uv": [6.5, 3, 8.75, 4], "texture": "#0"},
				"up": {"uv": [6.5, 3, 8.75, 4], "texture": "#0"},
				"down": {"uv": [6.5, 3, 8.75, 4], "texture": "#0"}
			}
		},
		{
			"from": [3.75, 7, 13.25],
			"to": [13.25, 9, 13.25],
			"faces": {
				"north": {"uv": [0, 10, 3, 10.75], "texture": "#0"},
				"east": {"uv": [0, 10, 3, 10.75], "texture": "#0"},
				"south": {"uv": [6, 9.25, 9, 10], "texture": "#0"},
				"west": {"uv": [0, 10, 3, 10.75], "texture": "#0"},
				"up": {"uv": [0, 10, 3, 10.75], "texture": "#0"},
				"down": {"uv": [0, 10, 3, 10.75], "texture": "#0"}
			}
		},
		{
			"from": [3.75, 7, 3.75],
			"to": [13.25, 9, 3.75],
			"faces": {
				"north": {"uv": [0, 9.25, 3, 10], "texture": "#0"},
				"east": {"uv": [0, 0, 0, 0.5], "texture": "#0"},
				"south": {"uv": [0, 10, 3, 10.75], "texture": "#0"},
				"west": {"uv": [0, 0, 0, 0.5], "texture": "#0"},
				"up": {"uv": [2.5, 0, 0, 0], "texture": "#0"},
				"down": {"uv": [2.5, 0, 0, 0], "texture": "#0"}
			}
		},
		{
			"from": [4, 7, 4],
			"to": [13, 11, 4],
			"faces": {
				"north": {"uv": [6.5, 4, 8.75, 5], "texture": "#0"},
				"east": {"uv": [6.5, 4, 8.75, 5], "texture": "#0"},
				"south": {"uv": [6.5, 4, 8.75, 5], "texture": "#0"},
				"west": {"uv": [6.5, 4, 8.75, 5], "texture": "#0"},
				"up": {"uv": [6.5, 4, 8.75, 5], "texture": "#0"},
				"down": {"uv": [6.5, 4, 8.75, 5], "texture": "#0"}
			}
		},
		{
			"from": [4, 11, 4],
			"to": [13, 11, 13],
			"faces": {
				"north": {"uv": [6.5, 2.25, 4.25, 0], "texture": "#0"},
				"east": {"uv": [6.5, 2.25, 4.25, 0], "texture": "#0"},
				"south": {"uv": [6.5, 2.25, 4.25, 0], "texture": "#0"},
				"west": {"uv": [6.5, 2.25, 4.25, 0], "texture": "#0"},
				"up": {"uv": [6.5, 2.25, 4.25, 0], "texture": "#0"},
				"down": {"uv": [6.5, 2.25, 4.25, 0], "texture": "#0"}
			}
		},
		{
			"from": [0, 7, 0],
			"to": [17, 7, 17],
			"faces": {
				"north": {"uv": [4.25, 4.25, 0, 0], "texture": "#0"},
				"east": {"uv": [4.25, 4.25, 0, 0], "texture": "#0"},
				"south": {"uv": [4.25, 4.25, 0, 0], "texture": "#0"},
				"west": {"uv": [4.25, 4.25, 0, 0], "texture": "#0"},
				"up": {"uv": [4.25, 4.25, 0, 0], "texture": "#0"},
				"down": {"uv": [0, 0, 4.25, 4.25], "texture": "#0"}
			}
		},
		{
			"from": [0.25, 7.25, 0],
			"to": [17.25, 7.25, 17],
			"faces": {
				"north": {"uv": [4.25, 8.5, 0, 4.25], "texture": "#0"},
				"east": {"uv": [4.25, 8.5, 0, 4.25], "texture": "#0"},
				"south": {"uv": [4.25, 8.5, 0, 4.25], "texture": "#0"},
				"west": {"uv": [4.25, 8.5, 0, 4.25], "texture": "#0"},
				"up": {"uv": [4.25, 8.5, 0, 4.25], "texture": "#0"},
				"down": {"uv": [4.25, 4.25, 0, 8.5], "texture": "#0"}
			}
		},
		{
			"from": [15.249, 1.251, -1],
			"to": [15.249, 7.251, 16],
			"rotation": {"angle": 0, "axis": "y", "origin": [16.999, 7.251, 9]},
			"faces": {
				"north": {"uv": [3, 15, 1.5, 10.75], "rotation": 90, "texture": "#0"},
				"east": {"uv": [3, 15, 1.5, 10.75], "rotation": 90, "texture": "#0"},
				"south": {"uv": [3, 15, 1.5, 10.75], "rotation": 90, "texture": "#0"},
				"west": {"uv": [3, 10.75, 1.5, 15], "rotation": 90, "texture": "#0"},
				"up": {"uv": [3, 15, 1.5, 10.75], "rotation": 90, "texture": "#0"},
				"down": {"uv": [3, 15, 1.5, 10.75], "rotation": 90, "texture": "#0"}
			}
		},
		{
			"from": [-1.75, 1.251, 15.999],
			"to": [15.25, 7.251, 15.999],
			"rotation": {"angle": 0, "axis": "y", "origin": [17.25, 7.251, 16.749]},
			"faces": {
				"north": {"uv": [1.5, 10.75, 0, 15], "rotation": 90, "texture": "#0"},
				"east": {"uv": [1.5, 15, 0, 10.75], "rotation": 90, "texture": "#0"},
				"south": {"uv": [1.5, 15, 0, 10.75], "rotation": 90, "texture": "#0"},
				"west": {"uv": [1.5, 15, 0, 10.75], "rotation": 90, "texture": "#0"},
				"up": {"uv": [1.5, 15, 0, 10.75], "rotation": 180, "texture": "#0"},
				"down": {"uv": [1.5, 15, 0, 10.75], "texture": "#0"}
			}
		},
		{
			"from": [4.25, 2, 4],
			"to": [4.25, 7, 13],
			"faces": {
				"north": {"uv": [0, 6.5, 2.25, 7.75], "texture": "#1"},
				"east": {"uv": [2.25, 6.5, 0, 7.75], "texture": "#1"},
				"south": {"uv": [0, 6.5, 2.25, 7.75], "texture": "#1"},
				"west": {"uv": [0, 6.5, 2.25, 7.75], "texture": "#1"},
				"up": {"uv": [0, 6.5, 2.25, 7.75], "texture": "#1"},
				"down": {"uv": [0, 6.5, 2.25, 7.75], "texture": "#1"}
			}
		},
		{
			"from": [12.75, 2, 4],
			"to": [12.75, 7, 13],
			"faces": {
				"north": {"uv": [4.25, 2.25, 6.5, 3.5], "texture": "#1"},
				"east": {"uv": [4.25, 2.25, 6.5, 3.5], "texture": "#1"},
				"south": {"uv": [4.25, 2.25, 6.5, 3.5], "texture": "#1"},
				"west": {"uv": [6.5, 2.25, 4.25, 3.5], "texture": "#1"},
				"up": {"uv": [4.25, 2.25, 6.5, 3.5], "texture": "#1"},
				"down": {"uv": [4.25, 2.25, 6.5, 3.5], "texture": "#1"}
			}
		},
		{
			"from": [8.23135, 2.09475, 4],
			"to": [12.73135, 2.09475, 13],
			"rotation": {"angle": 22.5, "axis": "z", "origin": [12.98135, 2.09475, 4]},
			"faces": {
				"north": {"uv": [2.5, 4.25, 1.25, 6.5], "texture": "#1"},
				"east": {"uv": [2.5, 4.25, 1.25, 6.5], "texture": "#1"},
				"south": {"uv": [2.5, 4.25, 1.25, 6.5], "texture": "#1"},
				"west": {"uv": [2.5, 4.25, 1.25, 6.5], "texture": "#1"},
				"up": {"uv": [2.5, 6.5, 1.25, 4.25], "texture": "#1"},
				"down": {"uv": [2.5, 4.25, 1.25, 6.5], "texture": "#1"}
			}
		},
		{
			"from": [4.26965, 2.09475, 4],
			"to": [8.76965, 2.09475, 13],
			"rotation": {"angle": -22.5, "axis": "z", "origin": [4.01965, 2.09475, 4]},
			"faces": {
				"north": {"uv": [4.75, 6.75, 3.5, 9], "texture": "#1"},
				"east": {"uv": [4.75, 6.75, 3.5, 9], "texture": "#1"},
				"south": {"uv": [4.75, 6.75, 3.5, 9], "texture": "#1"},
				"west": {"uv": [4.75, 6.75, 3.5, 9], "texture": "#1"},
				"up": {"uv": [4.75, 9, 3.5, 6.75], "texture": "#1"},
				"down": {"uv": [4.75, 6.75, 3.5, 9], "texture": "#1"}
			}
		},
		{
			"from": [8.25, -0.223, 5.5],
			"to": [8.75, 0.277, 5.5],
			"rotation": {"angle": 0, "axis": "y", "origin": [-0.15708, 0.027, -0.75]},
			"faces": {
				"north": {"uv": [14.25, 1.75, 15.5, 3], "texture": "#2"},
				"east": {"uv": [14.25, 1.75, 15.5, 3], "texture": "#2"},
				"south": {"uv": [14.25, 1.75, 15.5, 3], "texture": "#2"},
				"west": {"uv": [14.25, 1.75, 15.5, 3], "texture": "#2"},
				"up": {"uv": [14.25, 1.75, 15.5, 3], "texture": "#2"},
				"down": {"uv": [14.25, 1.75, 15.5, 3], "texture": "#2"}
			}
		},
		{
			"from": [8.75, -1.223, 5.5],
			"to": [9, -0.223, 5.5],
			"rotation": {"angle": 0, "axis": "y", "origin": [-0.15708, 0.027, -0.75]},
			"faces": {
				"north": {"uv": [3.5, 4.25, 3.75, 4.5], "texture": "#1"},
				"east": {"uv": [0, 0, 0, 0.25], "texture": "#1"},
				"south": {"uv": [4.25, 3.5, 4.5, 3.75], "texture": "#1"},
				"west": {"uv": [0, 0, 0, 0.25], "texture": "#1"},
				"up": {"uv": [0.25, 0, 0, 0], "texture": "#1"},
				"down": {"uv": [0.25, 0, 0, 0], "texture": "#1"}
			}
		},
		{
			"from": [8, -0.973, 5.5],
			"to": [8.25, -0.223, 5.5],
			"rotation": {"angle": 0, "axis": "y", "origin": [-0.15708, 0.027, -0.75]},
			"faces": {
				"north": {"uv": [3, 4.25, 3.25, 4.5], "texture": "#1"},
				"east": {"uv": [0, 0, 0, 0.25], "texture": "#1"},
				"south": {"uv": [3.25, 4.25, 3.5, 4.5], "texture": "#1"},
				"west": {"uv": [0, 0, 0, 0.25], "texture": "#1"},
				"up": {"uv": [0.25, 0, 0, 0], "texture": "#1"},
				"down": {"uv": [0.25, 0, 0, 0], "texture": "#1"}
			}
		},
		{
			"from": [11.8, 5.75, -4.3],
			"to": [12.8, 6.75, -4.3],
			"rotation": {"angle": 45, "axis": "y", "origin": [15, 7, 12]},
			"faces": {
				"north": {"uv": [14.25, 0, 16, 1.5], "texture": "#2"},
				"east": {"uv": [14.25, 0, 16, 1.5], "texture": "#2"},
				"south": {"uv": [14.25, 1.5, 16, 3], "texture": "#2"},
				"west": {"uv": [14.25, 0, 16, 1.5], "texture": "#2"},
				"up": {"uv": [14.25, 0, 16, 1.5], "rotation": 270, "texture": "#2"},
				"down": {"uv": [14.25, 0, 16, 1.5], "rotation": 90, "texture": "#2"}
			}
		},
		{
			"from": [11.8, 6.75, -4.3],
			"to": [12.8, 7, -4.3],
			"rotation": {"angle": 45, "axis": "y", "origin": [15, 7, 12]},
			"faces": {
				"north": {"uv": [14.25, 9.75, 16, 11.25], "texture": "#2"},
				"east": {"uv": [14.25, 0, 16, 1.5], "texture": "#2"},
				"south": {"uv": [14.25, 13, 16, 14.5], "texture": "#2"},
				"west": {"uv": [14.25, 0, 16, 1.5], "texture": "#2"},
				"up": {"uv": [14.25, 0, 16, 1.5], "rotation": 270, "texture": "#2"},
				"down": {"uv": [14.25, 0, 16, 1.5], "rotation": 90, "texture": "#2"}
			}
		}
	],
	"display": {
		"thirdperson_righthand": {
			"translation": [-0.25, 0, -1],
			"scale": [0.57, 0.57, 0.57]
		},
		"thirdperson_lefthand": {
			"translation": [-0.25, 0, -1],
			"scale": [0.57, 0.57, 0.57]
		},
		"firstperson_righthand": {
			"translation": [1.5, 0, 0]
		},
		"firstperson_lefthand": {
			"translation": [1.5, 0, 0]
		},
		"ground": {
			"scale": [0.72, 0.72, 0.72]
		},
		"gui": {
			"rotation": [15, 150, 0],
			"translation": [0, 1, 0],
			"scale": [0.75, 0.81, 0.91]
		},
		"head": {
			"rotation": [-3, 0, 0],
			"translation": [-0.75, 3.25, -0.75],
			"scale": [1.62, 1.59, 1.64]
		},
		"fixed": {
			"rotation": [-89, 0, 0],
			"translation": [0, 0, -8.5]
		}
	},
	"groups": [
		{
			"name": "hat",
			"origin": [0, 0, 0],
			"color": 0,
			"children": [0, 1, 2, 3, 4, 5, 6, 7, 8, 9, 10, 11, 12, 13]
		},
		14,
		15,
		16,
		17,
		18,
		19,
		20,
		21,
		22
	]
}