{
	"credit": "Made with Blockbench",
	"textures": {
		"0": "blockbench/camera_eye_implant",
		"particle": "blockbench/camera_eye_implant"
	},
	"elements": [
		{
			"from": [9, 0.75, -1],
			"to": [11.5, 3.25, 1],
			"faces": {
				"north": {"uv": [3, 0, 5.5, 2.5], "texture": "#0"},
				"east": {"uv": [2, 6, 4, 8.5], "texture": "#0"},
				"south": {"uv": [3, 3, 5.5, 5.5], "texture": "#0"},
				"west": {"uv": [6, 3, 8, 5.5], "texture": "#0"},
				"up": {"uv": [6.5, 8, 4, 6], "texture": "#0"},
				"down": {"uv": [9.5, 6, 7, 8], "texture": "#0"}
			}
		},
		{
			"from": [13, 4.75, 3],
			"to": [14.5, 6.25, 4.5],
			"faces": {
				"north": {"uv": [8, 12, 10.5, 14.5], "texture": "#0"},
				"east": {"uv": [10, 3, 8, 5.5], "texture": "#0"},
				"south": {"uv": [0, 3, 2.5, 5.5], "texture": "#0"},
				"west": {"uv": [0, 6, 2, 8.5], "texture": "#0"},
				"up": {"uv": [8.5, 2, 6, 0], "texture": "#0"},
				"down": {"uv": [8.5, 0, 6, 2], "texture": "#0"}
			}
		},
		{
			"from": [11, 0.75, 2],
			"to": [13, 3.25, 5],
			"faces": {
				"north": {"uv": [11.5, 4.5, 16, 10], "texture": "#0"},
				"east": {"uv": [11, 11, 16, 16], "texture": "#0"},
				"south": {"uv": [11.5, 4.5, 16, 9.5], "texture": "#0"},
				"west": {"uv": [11, 11, 16, 16], "texture": "#0"},
				"up": {"uv": [6, 16, 1.5, 11], "texture": "#0"},
				"down": {"uv": [5.5, 11, 1.5, 16], "texture": "#0"}
			}
		},
		{
			"from": [12.75, 3.25, 3.75],
			"to": [12.75, 5.75, 4.25],
			"faces": {
				"north": {"uv": [0.5, 12, 1, 14.5], "texture": "#0"},
				"east": {"uv": [0.5, 12, 1, 14.5], "texture": "#0"},
				"south": {"uv": [0.5, 12, 1, 14.5], "texture": "#0"},
				"west": {"uv": [0.5, 12, 1, 14.5], "texture": "#0"},
				"up": {"uv": [0.5, 12, 1, 14.5], "texture": "#0"},
				"down": {"uv": [0.5, 12, 1, 14.5], "texture": "#0"}
			}
		},
		{
			"from": [12.5, 3.25, 4],
			"to": [13, 5.75, 4],
			"rotation": {"angle": 0, "axis": "y", "origin": [13, 3.25, 4]},
			"faces": {
				"north": {"uv": [0, 12, 0.5, 14.5], "texture": "#0"},
				"east": {"uv": [0, 12, 0.5, 14.5], "texture": "#0"},
				"south": {"uv": [0, 12, 0.5, 14.5], "texture": "#0"},
				"west": {"uv": [0, 12, 0.5, 14.5], "texture": "#0"},
				"up": {"uv": [0, 12, 0.5, 14.5], "texture": "#0"},
				"down": {"uv": [0, 12, 0.5, 14.5], "texture": "#0"}
			}
		},
		{
			"from": [10.78563, 0.5, -0.34776],
			"to": [12.28563, 2.5, -0.34776],
			"rotation": {"angle": 0, "axis": "y", "origin": [-0.21437, 0, 0.15224]},
			"faces": {
				"north": {"uv": [10, 2, 11.5, 4], "texture": "#0"},
				"east": {"uv": [10, 2, 11.5, 4], "texture": "#0"},
				"south": {"uv": [11.5, 2, 10, 4], "texture": "#0"},
				"west": {"uv": [10, 2, 11.5, 4], "texture": "#0"},
				"up": {"uv": [10, 2, 11.5, 4], "texture": "#0"},
				"down": {"uv": [10, 2, 11.5, 4], "texture": "#0"}
			}
		},
		{
			"from": [8, 2.2, 0.5],
			"to": [12, 3.2, 0.5],
			"faces": {
				"north": {"uv": [4, 8, 8, 9], "texture": "#0"},
				"east": {"uv": [4, 8, 8, 9], "texture": "#0"},
				"south": {"uv": [4, 8, 8, 9], "texture": "#0"},
				"west": {"uv": [4, 8, 8, 9], "texture": "#0"},
				"up": {"uv": [4, 8, 8, 9], "texture": "#0"},
				"down": {"uv": [4, 8, 8, 9], "texture": "#0"}
			}
		},
		{
			"from": [12, 2.2, 0.5],
			"to": [12, 3.2, 4.5],
			"faces": {
				"north": {"uv": [0, 9, 4, 10], "texture": "#0"},
				"east": {"uv": [0, 9, 4, 10], "texture": "#0"},
				"south": {"uv": [0, 9, 4, 10], "texture": "#0"},
				"west": {"uv": [4, 9, 0, 10], "texture": "#0"},
				"up": {"uv": [0, 9, 4, 10], "texture": "#0"},
				"down": {"uv": [0, 9, 4, 10], "texture": "#0"}
			}
		},
		{
			"from": [13.05, 0.5, 1.5],
			"to": [13.05, 2.5, 3.5],
			"rotation": {"angle": 0, "axis": "y", "origin": [-0.25, 0, 0]},
			"faces": {
				"north": {"uv": [8, 9, 10, 11], "texture": "#0"},
				"east": {"uv": [8, 9, 10, 11], "texture": "#0"},
				"south": {"uv": [8, 9, 10, 11], "texture": "#0"},
				"west": {"uv": [10, 9, 8, 11], "texture": "#0"},
				"up": {"uv": [8, 9, 10, 11], "texture": "#0"},
				"down": {"uv": [8, 9, 10, 11], "texture": "#0"}
			}
		},
		{
			"from": [13.41711, 0.5, -0.5435],
			"to": [13.41711, 2.5, 1.4565],
			"rotation": {"angle": 22.5, "axis": "y", "origin": [13.34389, 1.5, 2.40105]},
			"faces": {
				"north": {"uv": [10, 0, 12, 2], "texture": "#0"},
				"east": {"uv": [10, 0, 12, 2], "texture": "#0"},
				"south": {"uv": [10, 0, 12, 2], "texture": "#0"},
				"west": {"uv": [12, 0, 10, 2], "texture": "#0"},
				"up": {"uv": [10, 0, 12, 2], "texture": "#0"},
				"down": {"uv": [10, 0, 12, 2], "texture": "#0"}
			}
		}
	],
	"gui_light": "front",
	"display": {
		"thirdperson_righthand": {
			"translation": [-1, 3, 2.25],
			"scale": [0.57, 0.57, 0.57]
		},
		"thirdperson_lefthand": {
			"translation": [1, 3, 2.25],
			"scale": [0.57, 0.57, 0.57]
		},
		"firstperson_righthand": {
			"translation": [-4.75, 11.5, 5.75],
			"scale": [1.87, 1.87, 1.19]
		},
		"firstperson_lefthand": {
			"translation": [8.5, 12, 6.75],
			"scale": [1.87, 1.87, 1.19]
		},
		"ground": {
			"translation": [0, 4.5, 6.25]
		},
		"gui": {
			"rotation": [0, -180, 0],
			"translation": [6.25, 9, 0],
			"scale": [1.99, 1.99, 1.99]
		},
		"head": {
			"translation": [0, 9.25, 5.25],
			"scale": [1.66, 1.66, 1.64]
		},
		"fixed": {
			"rotation": [-90, -1, 0],
			"translation": [-4.5, 9.25, -12.5],
			"scale": [1.69, 1.69, 1.69]
		}
	},
	"groups": [
		{
			"name": "group",
			"origin": [0, 0, 0],
			"color": 0,
			"children": [0, 1, 2, 3, 4, 5, 6, 7, 8, 9]
		}
	]
}