{
	"credit": "Made with Blockbench",
	"texture_size": [64, 64],
	"textures": {
		"0": "blockbench/copper_golem_mask",
		"particle": "blockbench/copper_golem_mask"
	},
	"elements": [
		{
			"from": [3.9, 2, 3.9],
			"to": [13.07, 11.15, 3.9],
			"rotation": {"angle": 0, "axis": "y", "origin": [8, 6, 3.75]},
			"faces": {
				"north": {"uv": [1, 1, 2, 2.225], "texture": "#0"},
				"east": {"uv": [1, 1, 1.98, 2.225], "texture": "#0"},
				"south": {"uv": [1.98, 1, 1, 2.225], "texture": "#0"},
				"west": {"uv": [1, 1, 1.98, 2.225], "texture": "#0"},
				"up": {"uv": [1, 1, 1.98, 2.225], "texture": "#0"},
				"down": {"uv": [1, 1, 1.98, 2.225], "texture": "#0"}
			}
		},
		{
			"from": [3.9, 2, 13.15],
			"to": [13.07, 11.15, 13.15],
			"rotation": {"angle": 0, "axis": "y", "origin": [8, 6, 3.75]},
			"faces": {
				"north": {"uv": [4, 1, 3, 2.225], "texture": "#0"},
				"east": {"uv": [3, 1, 4, 2.225], "texture": "#0"},
				"south": {"uv": [3, 1, 4, 2.225], "texture": "#0"},
				"west": {"uv": [3, 1, 4, 2.225], "texture": "#0"},
				"up": {"uv": [3, 1, 4, 2.225], "texture": "#0"},
				"down": {"uv": [3, 1, 4, 2.225], "texture": "#0"}
			}
		},
		{
			"from": [3.9, 11.15, 3.9],
			"to": [13.07, 11.15, 13.15],
			"rotation": {"angle": 0, "axis": "y", "origin": [8, 6, 3.75]},
			"faces": {
				"north": {"uv": [1.03125, 0, 1.98, 1], "texture": "#0"},
				"east": {"uv": [1.03125, 0, 1.98, 1], "texture": "#0"},
				"south": {"uv": [1.03125, 0, 1.98, 1], "texture": "#0"},
				"west": {"uv": [1.03125, 0, 1.98, 1], "texture": "#0"},
				"up": {"uv": [1, 0, 2, 1], "texture": "#0"},
				"down": {"uv": [1.03125, 1, 1.98, 0], "texture": "#0"}
			}
		},
		{
			"from": [3.9, 3.68, 3.9],
			"to": [13.07, 3.68, 13.15],
			"rotation": {"angle": 0, "axis": "y", "origin": [8, 6, 3.75]},
			"faces": {
				"north": {"uv": [2, 0, 3, 1], "texture": "#0"},
				"east": {"uv": [2, 0, 3, 1], "texture": "#0"},
				"south": {"uv": [2, 0, 3, 1], "texture": "#0"},
				"west": {"uv": [2, 0, 3, 1], "texture": "#0"},
				"up": {"uv": [2, 0, 3, 1], "texture": "#0"},
				"down": {"uv": [2, 0, 3, 1], "texture": "#0"}
			}
		},
		{
			"from": [13.07, 2, 3.9],
			"to": [13.07, 11.15, 13.15],
			"rotation": {"angle": 0, "axis": "y", "origin": [8, 6, 3.75]},
			"faces": {
				"north": {"uv": [0, 1, 1, 2.225], "texture": "#0"},
				"east": {"uv": [0, 1, 1, 2.225], "texture": "#0"},
				"south": {"uv": [0, 1, 1, 2.225], "texture": "#0"},
				"west": {"uv": [1, 1, 0, 2.225], "texture": "#0"},
				"up": {"uv": [0, 1, 1, 2.225], "texture": "#0"},
				"down": {"uv": [0, 1, 1, 2.225], "texture": "#0"}
			}
		},
		{
			"from": [3.9, 2, 3.9],
			"to": [3.9, 11.15, 13.15],
			"rotation": {"angle": 0, "axis": "y", "origin": [8.83, 6, 3.75]},
			"faces": {
				"north": {"uv": [0, 1, 1, 2.225], "texture": "#0"},
				"east": {"uv": [0, 1, 1, 2.225], "texture": "#0"},
				"south": {"uv": [0, 1, 1, 2.225], "texture": "#0"},
				"west": {"uv": [1, 1, 0, 2.225], "texture": "#0"},
				"up": {"uv": [0, 1, 1, 2.225], "texture": "#0"},
				"down": {"uv": [0, 1, 1, 2.225], "texture": "#0"}
			}
		},
		{
			"from": [7.27, 3.78, 2.9],
			"to": [8.42, 4.73, 3.9],
			"rotation": {"angle": 0, "axis": "y", "origin": [7.35, 1.85, -2.75]},
			"faces": {
				"north": {"uv": [3.625, 0.5, 3.75, 0.6125], "texture": "#0"},
				"east": {"uv": [3.625, 0.5, 3.75, 0.6125], "texture": "#0"},
				"south": {"uv": [3.625, 0.5, 3.75, 0.6125], "texture": "#0"},
				"west": {"uv": [3.625, 0.5, 3.75, 0.6125], "texture": "#0"},
				"up": {"uv": [3.625, 0.5, 3.75, 0.6125], "texture": "#0"},
				"down": {"uv": [3.625, 0.5, 3.75, 0.6125], "texture": "#0"}
			}
		},
		{
			"from": [7.27, 3.78, 1.9],
			"to": [8.42, 4.73, 2.9],
			"rotation": {"angle": 0, "axis": "y", "origin": [7.35, 1.85, -3.75]},
			"faces": {
				"north": {"uv": [3.375, 0.5, 3.475, 0.6125], "texture": "#0"},
				"east": {"uv": [3.5, 0.625, 3.6, 0.7375], "texture": "#0"},
				"south": {"uv": [3.5, 0.625, 3.6, 0.7375], "texture": "#0"},
				"west": {"uv": [3.5, 0.625, 3.6, 0.7375], "texture": "#0"},
				"up": {"uv": [3.5, 0.625, 3.6, 0.7375], "texture": "#0"},
				"down": {"uv": [3.5, 0.625, 3.6, 0.7375], "texture": "#0"}
			}
		},
		{
			"from": [7.27, 4.73, 2.9],
			"to": [8.42, 5.68, 3.9],
			"rotation": {"angle": 0, "axis": "y", "origin": [7.35, 2.8, -2.75]},
			"faces": {
				"north": {"uv": [3.625, 0.375, 3.75, 0.4875], "texture": "#0"},
				"east": {"uv": [3.625, 0.375, 3.75, 0.4875], "texture": "#0"},
				"south": {"uv": [3.625, 0.375, 3.75, 0.4875], "texture": "#0"},
				"west": {"uv": [3.625, 0.375, 3.75, 0.4875], "texture": "#0"},
				"up": {"uv": [3.625, 0.375, 3.75, 0.4875], "texture": "#0"},
				"down": {"uv": [3.625, 0.375, 3.75, 0.4875], "texture": "#0"}
			}
		},
		{
			"from": [7.27, 4.73, 1.9],
			"to": [8.42, 5.68, 2.9],
			"rotation": {"angle": 0, "axis": "y", "origin": [7.35, 2.8, -3.75]},
			"faces": {
				"north": {"uv": [3.375, 0.375, 3.475, 0.4875], "texture": "#0"},
				"east": {"uv": [3.5, 0.375, 3.6, 0.4875], "texture": "#0"},
				"south": {"uv": [3.5, 0.375, 3.6, 0.4875], "texture": "#0"},
				"west": {"uv": [3.5, 0.375, 3.6, 0.4875], "texture": "#0"},
				"up": {"uv": [3.5, 0.375, 3.6, 0.4875], "texture": "#0"},
				"down": {"uv": [3.5, 0.375, 3.6, 0.4875], "texture": "#0"}
			}
		},
		{
			"from": [7.27, 5.68, 2.9],
			"to": [8.42, 6.63, 3.9],
			"rotation": {"angle": 0, "axis": "y", "origin": [7.35, 3.75, -2.75]},
			"faces": {
				"north": {"uv": [3.625, 0.25, 3.75, 0.3625], "texture": "#0"},
				"east": {"uv": [3.625, 0.25, 3.75, 0.3625], "texture": "#0"},
				"south": {"uv": [3.625, 0.25, 3.75, 0.3625], "texture": "#0"},
				"west": {"uv": [3.625, 0.25, 3.75, 0.3625], "texture": "#0"},
				"up": {"uv": [3.625, 0.25, 3.75, 0.3625], "texture": "#0"},
				"down": {"uv": [3.625, 0.25, 3.75, 0.3625], "texture": "#0"}
			}
		},
		{
			"from": [7.27, 5.68, 1.9],
			"to": [8.42, 6.63, 2.9],
			"rotation": {"angle": 0, "axis": "y", "origin": [7.35, 3.75, -3.75]},
			"faces": {
				"north": {"uv": [3.40625, 0.25, 3.475, 0.34375], "texture": "#0"},
				"east": {"uv": [3.53125, 0.25, 3.6, 0.34375], "texture": "#0"},
				"south": {"uv": [3.53125, 0.25, 3.6, 0.34375], "texture": "#0"},
				"west": {"uv": [3.53125, 0.25, 3.6, 0.34375], "texture": "#0"},
				"up": {"uv": [3.53125, 0.25, 3.6, 0.34375], "texture": "#0"},
				"down": {"uv": [3.53125, 0.25, 3.6, 0.34375], "texture": "#0"}
			}
		},
		{
			"from": [8.42, 3.78, 2.9],
			"to": [9.57, 4.73, 3.9],
			"rotation": {"angle": 0, "axis": "y", "origin": [8.5, 1.85, -2.75]},
			"faces": {
				"north": {"uv": [3, 0.5, 3.125, 0.6125], "texture": "#0"},
				"east": {"uv": [3, 0.5, 3.125, 0.6125], "texture": "#0"},
				"south": {"uv": [3, 0.5, 3.125, 0.6125], "texture": "#0"},
				"west": {"uv": [3, 0.5, 3.125, 0.6125], "texture": "#0"},
				"up": {"uv": [3, 0.5, 3.125, 0.6125], "texture": "#0"},
				"down": {"uv": [3, 0.5, 3.125, 0.6125], "texture": "#0"}
			}
		},
		{
			"from": [8.42, 3.78, 1.9],
			"to": [9.57, 4.73, 2.9],
			"rotation": {"angle": 0, "axis": "y", "origin": [8.5, 1.85, -3.75]},
			"faces": {
				"north": {"uv": [3.25, 0.5, 3.375, 0.6125], "texture": "#0"},
				"east": {"uv": [3.125, 0.5, 3.25, 0.6125], "texture": "#0"},
				"south": {"uv": [3.125, 0.5, 3.25, 0.6125], "texture": "#0"},
				"west": {"uv": [3.125, 0.5, 3.25, 0.6125], "texture": "#0"},
				"up": {"uv": [3.125, 0.5, 3.25, 0.6125], "texture": "#0"},
				"down": {"uv": [3.125, 0.5, 3.25, 0.6125], "texture": "#0"}
			}
		},
		{
			"from": [8.42, 2.83, 2.9],
			"to": [9.57, 3.78, 3.9],
			"rotation": {"angle": 0, "axis": "y", "origin": [8.5, 1.9, -2.75]},
			"faces": {
				"north": {"uv": [3, 0.5, 3.125, 0.6125], "texture": "#0"},
				"east": {"uv": [3, 0.5, 3.125, 0.6125], "texture": "#0"},
				"south": {"uv": [3, 0.5, 3.125, 0.6125], "texture": "#0"},
				"west": {"uv": [3, 0.5, 3.125, 0.6125], "texture": "#0"},
				"up": {"uv": [3, 0.5, 3.125, 0.6125], "texture": "#0"},
				"down": {"uv": [3, 0.5, 3.125, 0.6125], "texture": "#0"}
			}
		},
		{
			"from": [8.42, 2.83, 1.9],
			"to": [9.57, 3.78, 2.9],
			"rotation": {"angle": 0, "axis": "y", "origin": [8.5, 1.9, -3.75]},
			"faces": {
				"north": {"uv": [3.25, 0.5, 3.375, 0.6125], "texture": "#0"},
				"east": {"uv": [3.125, 0.5, 3.25, 0.6125], "texture": "#0"},
				"south": {"uv": [3.125, 0.5, 3.25, 0.6125], "texture": "#0"},
				"west": {"uv": [3.125, 0.5, 3.25, 0.6125], "texture": "#0"},
				"up": {"uv": [3.125, 0.5, 3.25, 0.6125], "texture": "#0"},
				"down": {"uv": [3.125, 0.5, 3.25, 0.6125], "texture": "#0"}
			}
		},
		{
			"from": [7.27, 2.83, 1.9],
			"to": [8.42, 3.78, 2.9],
			"rotation": {"angle": 0, "axis": "y", "origin": [7.35, 1.9, -3.75]},
			"faces": {
				"north": {"uv": [3.375, 0.5, 3.475, 0.6125], "texture": "#0"},
				"east": {"uv": [3.5, 0.625, 3.6, 0.7375], "texture": "#0"},
				"south": {"uv": [3.5, 0.625, 3.6, 0.7375], "texture": "#0"},
				"west": {"uv": [3.5, 0.625, 3.6, 0.7375], "texture": "#0"},
				"up": {"uv": [3.5, 0.625, 3.6, 0.7375], "texture": "#0"},
				"down": {"uv": [3.5, 0.625, 3.6, 0.7375], "texture": "#0"}
			}
		},
		{
			"from": [7.27, 2.83, 2.9],
			"to": [8.42, 3.78, 3.9],
			"rotation": {"angle": 0, "axis": "y", "origin": [7.35, 1.9, -2.75]},
			"faces": {
				"north": {"uv": [3.625, 0.5, 3.75, 0.6125], "texture": "#0"},
				"east": {"uv": [3.625, 0.5, 3.75, 0.6125], "texture": "#0"},
				"south": {"uv": [3.625, 0.5, 3.75, 0.6125], "texture": "#0"},
				"west": {"uv": [3.625, 0.5, 3.75, 0.6125], "texture": "#0"},
				"up": {"uv": [3.625, 0.5, 3.75, 0.6125], "texture": "#0"},
				"down": {"uv": [3.625, 0.5, 3.75, 0.6125], "texture": "#0"}
			}
		},
		{
			"from": [8.42, 4.73, 1.9],
			"to": [9.57, 5.68, 2.9],
			"rotation": {"angle": 0, "axis": "y", "origin": [8.5, 2.8, -3.75]},
			"faces": {
				"north": {"uv": [3.25, 0.375, 3.375, 0.4875], "texture": "#0"},
				"east": {"uv": [3.125, 0.375, 3.25, 0.4875], "texture": "#0"},
				"south": {"uv": [3.125, 0.375, 3.25, 0.4875], "texture": "#0"},
				"west": {"uv": [3.125, 0.375, 3.25, 0.4875], "texture": "#0"},
				"up": {"uv": [3.125, 0.375, 3.25, 0.4875], "texture": "#0"},
				"down": {"uv": [3.125, 0.375, 3.25, 0.4875], "texture": "#0"}
			}
		},
		{
			"from": [8.42, 4.73, 2.9],
			"to": [9.57, 5.68, 3.9],
			"rotation": {"angle": 0, "axis": "y", "origin": [8.5, 2.8, -2.75]},
			"faces": {
				"north": {"uv": [3, 0.375, 3.125, 0.4875], "texture": "#0"},
				"east": {"uv": [3, 0.375, 3.125, 0.4875], "texture": "#0"},
				"south": {"uv": [3, 0.375, 3.125, 0.4875], "texture": "#0"},
				"west": {"uv": [3, 0.375, 3.125, 0.4875], "texture": "#0"},
				"up": {"uv": [3, 0.375, 3.125, 0.4875], "texture": "#0"},
				"down": {"uv": [3, 0.375, 3.125, 0.4875], "texture": "#0"}
			}
		},
		{
			"from": [8.42, 5.68, 1.9],
			"to": [9.57, 6.63, 2.9],
			"rotation": {"angle": 0, "axis": "y", "origin": [8.5, 3.75, -3.75]},
			"faces": {
				"north": {"uv": [3.25, 0.25, 3.375, 0.3625], "texture": "#0"},
				"east": {"uv": [3.125, 0.25, 3.25, 0.3625], "texture": "#0"},
				"south": {"uv": [3.125, 0.25, 3.25, 0.3625], "texture": "#0"},
				"west": {"uv": [3.125, 0.25, 3.25, 0.3625], "texture": "#0"},
				"up": {"uv": [3.125, 0.25, 3.25, 0.3625], "texture": "#0"},
				"down": {"uv": [3.125, 0.25, 3.25, 0.3625], "texture": "#0"}
			}
		},
		{
			"from": [8.42, 5.68, 2.9],
			"to": [9.57, 6.63, 3.9],
			"rotation": {"angle": 0, "axis": "y", "origin": [8.5, 3.75, -2.75]},
			"faces": {
				"north": {"uv": [3, 0.25, 3.125, 0.39375], "texture": "#0"},
				"east": {"uv": [3, 0.25, 3.125, 0.39375], "texture": "#0"},
				"south": {"uv": [3, 0.25, 3.125, 0.39375], "texture": "#0"},
				"west": {"uv": [3, 0.25, 3.125, 0.39375], "texture": "#0"},
				"up": {"uv": [3, 0.25, 3.125, 0.39375], "texture": "#0"},
				"down": {"uv": [3, 0.25, 3.125, 0.39375], "texture": "#0"}
			}
		},
		{
			"from": [7.65, 11.151, 7.9],
			"to": [9.15, 13.151, 9.4],
			"rotation": {"angle": 0, "axis": "y", "origin": [-3.85, -0.099, -3.85]},
			"faces": {
				"north": {"uv": [2, 3.25, 2.25, 3.625], "texture": "#0"},
				"east": {"uv": [2, 3.25, 2.25, 3.625], "texture": "#0"},
				"south": {"uv": [2, 3.25, 2.25, 3.75], "texture": "#0"},
				"west": {"uv": [2, 3.25, 2.25, 3.625], "texture": "#0"},
				"up": {"uv": [1.75, 3.75, 1.5, 3.5], "texture": "#0"},
				"down": {"uv": [1.75, 3.5, 1.5, 3.75], "texture": "#0"}
			}
		},
		{
			"from": [6.9, 13.151, 7.15],
			"to": [9.9, 15.651, 10.15],
			"rotation": {"angle": 0, "axis": "y", "origin": [-3.85, -0.099, -3.85]},
			"faces": {
				"north": {"uv": [2.125, 1.75, 2.625, 2.25], "texture": "#0"},
				"east": {"uv": [2.125, 1.75, 2.625, 2.25], "texture": "#0"},
				"south": {"uv": [2.125, 1.75, 2.625, 2.25], "texture": "#0"},
				"west": {"uv": [2.125, 1.75, 2.625, 2.25], "texture": "#0"},
				"up": {"uv": [2.125, 1.75, 2.625, 2.25], "texture": "#0"},
				"down": {"uv": [2.125, 1.75, 2.625, 2.25], "texture": "#0"}
			}
		}
	],
	"display": {
		"thirdperson_righthand": {
			"translation": [-0.25, 0, -1],
			"scale": [0.57, 0.57, 0.57]
		},
		"thirdperson_lefthand": {
			"translation": [-0.25, 0, -1],
			"scale": [0.57, 0.57, 0.57]
		},
		"firstperson_righthand": {
			"translation": [1.5, 3.5, 0.75],
			"scale": [1.34, 1.17, 0.93]
		},
		"firstperson_lefthand": {
			"translation": [1.5, 3.5, 0.75],
			"scale": [1.34, 1.17, 0.93]
		},
		"ground": {
			"translation": [0, -0.25, 0],
			"scale": [0.72, 0.72, 0.72]
		},
		"gui": {
			"rotation": [16, 144, 0],
			"translation": [0, -0.75, 0],
			"scale": [0.89, 1, 0.89]
		},
		"head": {
			"translation": [-0.75, 2.5, -0.75],
			"scale": [1.81, 1.62445, 1.62]
		},
		"fixed": {
			"rotation": [-82.75, 0, 0],
			"translation": [-0.5, 0, -9],
			"scale": [1.95, 1.97, 1.95]
		}
	},
	"groups": [
		{
			"name": "inside layer",
			"origin": [0, 0, 0],
			"color": 0,
			"children": []
		},
		{
			"name": "outside shell",
			"origin": [0, 0, 0],
			"color": 0,
			"children": [
				0,
				1,
				2,
				3,
				4,
				5,
				{
					"name": "nose",
					"origin": [8.5, 3.75, -2.75],
					"color": 0,
					"children": [6, 7, 8, 9, 10, 11, 12, 13, 14, 15, 16, 17, 18, 19, 20, 21]
				}
			]
		},
		{
			"name": "group",
			"origin": [0, 0, 0],
			"color": 0,
			"children": [22, 23]
		}
	]
}