{
	"credit": "Made with Blockbench",
	"texture_size": [64, 64],
	"textures": {
		"0": "blockbench/dripleaf_widebrim",
		"particle": "blockbench/dripleaf_widebrim"
	},
	"elements": [
		{
			"from": [13, 7, 4],
			"to": [13, 11, 13],
			"faces": {
				"north": {"uv": [4.75, 1.5, 7, 2.5], "texture": "#0"},
				"east": {"uv": [4.75, 1.5, 7, 2.5], "texture": "#0"},
				"south": {"uv": [4.75, 1.5, 7, 2.5], "texture": "#0"},
				"west": {"uv": [7, 1.5, 4.75, 2.5], "texture": "#0"},
				"up": {"uv": [4.75, 1.5, 7, 2.5], "texture": "#0"},
				"down": {"uv": [4.75, 1.5, 7, 2.5], "texture": "#0"}
			}
		},
		{
			"from": [4, 7, 4],
			"to": [4, 11, 13],
			"faces": {
				"north": {"uv": [0, 5.25, 2.25, 6.25], "texture": "#0"},
				"east": {"uv": [2.25, 5.25, 0, 6.25], "texture": "#0"},
				"south": {"uv": [0, 5.25, 2.25, 6.25], "texture": "#0"},
				"west": {"uv": [0, 5.25, 2.25, 6.25], "texture": "#0"},
				"up": {"uv": [0, 5.25, 2.25, 6.25], "texture": "#0"},
				"down": {"uv": [0, 5.25, 2.25, 6.25], "texture": "#0"}
			}
		},
		{
			"from": [4, 7, 13],
			"to": [13, 11, 13],
			"faces": {
				"north": {"uv": [6.75, 5.25, 4.5, 6.25], "texture": "#0"},
				"east": {"uv": [4.5, 5.25, 6.75, 6.25], "texture": "#0"},
				"south": {"uv": [4.5, 5.25, 6.75, 6.25], "texture": "#0"},
				"west": {"uv": [4.5, 5.25, 6.75, 6.25], "texture": "#0"},
				"up": {"uv": [4.5, 5.25, 6.75, 6.25], "texture": "#0"},
				"down": {"uv": [4.5, 5.25, 6.75, 6.25], "texture": "#0"}
			}
		},
		{
			"from": [4, 7, 4],
			"to": [13, 11, 4],
			"faces": {
				"north": {"uv": [0, 6.25, 2.25, 7.25], "texture": "#0"},
				"east": {"uv": [0, 6.25, 2.25, 7.25], "texture": "#0"},
				"south": {"uv": [2.25, 6.25, 0, 7.25], "texture": "#0"},
				"west": {"uv": [0, 6.25, 2.25, 7.25], "texture": "#0"},
				"up": {"uv": [0, 6.25, 2.25, 7.25], "texture": "#0"},
				"down": {"uv": [0, 6.25, 2.25, 7.25], "texture": "#0"}
			}
		},
		{
			"from": [3.75, 7.25, 3.75],
			"to": [13.25, 8, 3.75],
			"rotation": {"angle": 0, "axis": "y", "origin": [0, 0, -0.25]},
			"faces": {
				"north": {"uv": [0, 10, 2.25, 10.25], "texture": "#0"},
				"east": {"uv": [0, 10, 2.25, 10.25], "texture": "#0"},
				"south": {"uv": [0, 10, 2.25, 10.25], "texture": "#0"},
				"west": {"uv": [0, 10, 2.25, 10.25], "texture": "#0"},
				"up": {"uv": [0, 10, 2.25, 10.25], "texture": "#0"},
				"down": {"uv": [0, 10, 2.25, 10.25], "texture": "#0"}
			}
		},
		{
			"from": [3.75, 7.25, 13.249],
			"to": [13.25, 8, 13.249],
			"rotation": {"angle": 0, "axis": "y", "origin": [0, 0, 9.249]},
			"faces": {
				"north": {"uv": [0, 10, 2.25, 10.25], "texture": "#0"},
				"east": {"uv": [0, 10, 2.25, 10.25], "texture": "#0"},
				"south": {"uv": [0, 10, 2.25, 10.25], "texture": "#0"},
				"west": {"uv": [0, 10, 2.25, 10.25], "texture": "#0"},
				"up": {"uv": [0, 10, 2.25, 10.25], "texture": "#0"},
				"down": {"uv": [0, 10, 2.25, 10.25], "texture": "#0"}
			}
		},
		{
			"from": [13.25, 7.25, 3.75],
			"to": [13.25, 8, 13.25],
			"rotation": {"angle": 0, "axis": "y", "origin": [13.25, 7.25, 3.75]},
			"faces": {
				"north": {"uv": [0, 10, 2.25, 10.25], "texture": "#0"},
				"east": {"uv": [0, 10, 2.25, 10.25], "texture": "#0"},
				"south": {"uv": [0, 10, 2.25, 10.25], "texture": "#0"},
				"west": {"uv": [0, 10, 2.25, 10.25], "texture": "#0"},
				"up": {"uv": [0, 10, 2.25, 10.25], "texture": "#0"},
				"down": {"uv": [0, 10, 2.25, 10.25], "texture": "#0"}
			}
		},
		{
			"from": [3.75, 7.25, 3.75],
			"to": [3.75, 8, 13.25],
			"rotation": {"angle": 0, "axis": "y", "origin": [3.75, 7.25, 3.75]},
			"faces": {
				"north": {"uv": [0, 10, 2.25, 10.25], "texture": "#0"},
				"east": {"uv": [0, 10, 2.25, 10.25], "texture": "#0"},
				"south": {"uv": [0, 10, 2.25, 10.25], "texture": "#0"},
				"west": {"uv": [0, 10.25, 2.25, 10.5], "texture": "#0"},
				"up": {"uv": [0, 10, 2.25, 10.25], "texture": "#0"},
				"down": {"uv": [0, 10, 2.25, 10.25], "texture": "#0"}
			}
		},
		{
			"from": [4, 7, 2.75],
			"to": [13, 7, 4],
			"rotation": {"angle": 22.5, "axis": "x", "origin": [5, 7, 4]},
			"faces": {
				"north": {"uv": [2.25, 6.25, 4.5, 6.5], "texture": "#0"},
				"east": {"uv": [2.25, 6.25, 4.5, 6.5], "texture": "#0"},
				"south": {"uv": [2.25, 6.25, 4.5, 6.5], "texture": "#0"},
				"west": {"uv": [2.25, 6.25, 4.5, 6.5], "texture": "#0"},
				"up": {"uv": [2.25, 6.25, 4.5, 6.5], "texture": "#0"},
				"down": {"uv": [2.25, 6.25, 4.5, 6.5], "texture": "#0"}
			}
		},
		{
			"from": [4, 7, 13],
			"to": [13, 7, 14.25],
			"rotation": {"angle": -22.5, "axis": "x", "origin": [5, 7, 13]},
			"faces": {
				"north": {"uv": [0, 7, 2.25, 7.25], "rotation": 180, "texture": "#0"},
				"east": {"uv": [0, 7, 2.25, 7.25], "rotation": 180, "texture": "#0"},
				"south": {"uv": [0, 7, 2.25, 7.25], "rotation": 180, "texture": "#0"},
				"west": {"uv": [0, 7, 2.25, 7.25], "rotation": 180, "texture": "#0"},
				"up": {"uv": [0, 7, 2.25, 7.25], "rotation": 180, "texture": "#0"},
				"down": {"uv": [0, 7, 2.25, 7.25], "rotation": 180, "texture": "#0"}
			}
		},
		{
			"from": [2.75, 7, 4],
			"to": [4, 7, 13],
			"rotation": {"angle": -22.5, "axis": "z", "origin": [4, 7, 5]},
			"faces": {
				"north": {"uv": [0, 0, 0, 1], "rotation": 90, "texture": "#0"},
				"east": {"uv": [2.25, 0, 0, 0], "rotation": 180, "texture": "#0"},
				"south": {"uv": [0, 0, 0, 1], "rotation": 270, "texture": "#0"},
				"west": {"uv": [2.25, 10, 0, 10.25], "texture": "#0"},
				"up": {"uv": [0, 8, 2.25, 8.25], "rotation": 270, "texture": "#0"},
				"down": {"uv": [0, 6.5, 2.25, 6.75], "rotation": 270, "texture": "#0"}
			}
		},
		{
			"from": [12.92526, 7.38176, 4],
			"to": [14.17526, 7.38176, 13],
			"rotation": {"angle": 22.5, "axis": "z", "origin": [13.92526, 7.38176, 5]},
			"faces": {
				"north": {"uv": [0, 0, 0, 1], "rotation": 90, "texture": "#0"},
				"east": {"uv": [2.25, 0, 0, 0], "rotation": 180, "texture": "#0"},
				"south": {"uv": [0, 0, 0, 1], "rotation": 270, "texture": "#0"},
				"west": {"uv": [2.25, 10, 0, 10.25], "texture": "#0"},
				"up": {"uv": [0, 9.25, 2.25, 9.5], "rotation": 270, "texture": "#0"},
				"down": {"uv": [4.25, 8.5, 6.5, 8.75], "rotation": 270, "texture": "#0"}
			}
		},
		{
			"from": [4, 11, 4],
			"to": [13, 11, 13],
			"faces": {
				"north": {"uv": [4.75, 2.25, 2.5, 0], "texture": "#0"},
				"east": {"uv": [4.75, 2.25, 2.5, 0], "texture": "#0"},
				"south": {"uv": [4.75, 2.25, 2.5, 0], "texture": "#0"},
				"west": {"uv": [4.75, 2.25, 2.5, 0], "texture": "#0"},
				"up": {"uv": [4.75, 2.25, 2.5, 0], "texture": "#0"},
				"down": {"uv": [4.75, 0, 2.5, 2.25], "texture": "#0"}
			}
		},
		{
			"from": [13, 7, 4],
			"to": [17, 7, 13],
			"faces": {
				"north": {"uv": [5.5, 8.5, 4.5, 6.25], "texture": "#0"},
				"east": {"uv": [5.5, 8.5, 4.5, 6.25], "texture": "#0"},
				"south": {"uv": [5.5, 8.5, 4.5, 6.25], "texture": "#0"},
				"west": {"uv": [5.5, 8.5, 4.5, 6.25], "texture": "#0"},
				"up": {"uv": [5.5, 8.5, 4.5, 6.25], "texture": "#0"},
				"down": {"uv": [5.5, 6.25, 4.5, 8.5], "texture": "#0"}
			}
		},
		{
			"from": [4, 7, 1],
			"to": [17, 7, 4],
			"faces": {
				"north": {"uv": [3.25, 5.25, 0, 4.5], "texture": "#0"},
				"east": {"uv": [3.25, 5.25, 0, 4.5], "texture": "#0"},
				"south": {"uv": [3.25, 5.25, 0, 4.5], "texture": "#0"},
				"west": {"uv": [3.25, 5.25, 0, 4.5], "texture": "#0"},
				"up": {"uv": [3.25, 5.25, 0, 4.5], "texture": "#0"},
				"down": {"uv": [3.25, 4.5, 0, 5.25], "texture": "#0"}
			}
		},
		{
			"from": [4, 7, 13],
			"to": [17, 7, 16],
			"faces": {
				"north": {"uv": [8, 0.75, 4.75, 0], "texture": "#0"},
				"east": {"uv": [8, 0.75, 4.75, 0], "texture": "#0"},
				"south": {"uv": [8, 0.75, 4.75, 0], "texture": "#0"},
				"west": {"uv": [8, 0.75, 4.75, 0], "texture": "#0"},
				"up": {"uv": [8, 0.75, 4.75, 0], "texture": "#0"},
				"down": {"uv": [8, 0, 4.75, 0.75], "texture": "#0"}
			}
		},
		{
			"from": [-1, 7, 0],
			"to": [4, 7, 17],
			"faces": {
				"north": {"uv": [1.25, 4.25, 0, 0], "texture": "#0"},
				"east": {"uv": [1.25, 4.25, 0, 0], "texture": "#0"},
				"south": {"uv": [1.25, 4.25, 0, 0], "texture": "#0"},
				"west": {"uv": [1.25, 4.25, 0, 0], "texture": "#0"},
				"up": {"uv": [1.25, 4.25, 0, 0], "texture": "#0"},
				"down": {"uv": [1.25, 0, 0, 4.25], "texture": "#0"}
			}
		},
		{
			"from": [17, 5, 0],
			"to": [17, 7, 17],
			"rotation": {"angle": 0, "axis": "y", "origin": [17, 7, 0]},
			"faces": {
				"north": {"uv": [6.5, 4.5, 10.75, 5], "texture": "#0"},
				"east": {"uv": [6.5, 4.5, 10.75, 5], "texture": "#0"},
				"south": {"uv": [6.5, 4.5, 10.75, 5], "texture": "#0"},
				"west": {"uv": [10.75, 4.5, 6.5, 5], "texture": "#0"},
				"up": {"uv": [6.5, 4.5, 10.75, 5], "texture": "#0"},
				"down": {"uv": [6.5, 4.5, 10.75, 5], "texture": "#0"}
			}
		},
		{
			"from": [4, 7, 16],
			"to": [17, 7, 17],
			"faces": {
				"north": {"uv": [9.75, 5.25, 6.5, 5], "texture": "#0"},
				"east": {"uv": [9.75, 5.25, 6.5, 5], "texture": "#0"},
				"south": {"uv": [9.75, 5.25, 6.5, 5], "texture": "#0"},
				"west": {"uv": [9.75, 5.25, 6.5, 5], "texture": "#0"},
				"up": {"uv": [9.75, 5.25, 6.5, 5], "texture": "#0"},
				"down": {"uv": [9.75, 5.25, 6.5, 5], "texture": "#0"}
			}
		},
		{
			"from": [4, 7, 0],
			"to": [17, 7, 1],
			"faces": {
				"north": {"uv": [10, 5.75, 6.75, 5.5], "texture": "#0"},
				"east": {"uv": [10, 5.75, 6.75, 5.5], "texture": "#0"},
				"south": {"uv": [10, 5.75, 6.75, 5.5], "texture": "#0"},
				"west": {"uv": [10, 5.75, 6.75, 5.5], "texture": "#0"},
				"up": {"uv": [10, 5.75, 6.75, 5.5], "texture": "#0"},
				"down": {"uv": [10, 5.75, 6.75, 5.5], "texture": "#0"}
			}
		}
	],
	"display": {
		"thirdperson_righthand": {
			"translation": [-0.25, 0, -1],
			"scale": [0.57, 0.57, 0.57]
		},
		"thirdperson_lefthand": {
			"translation": [-0.25, 0, -1],
			"scale": [0.57, 0.57, 0.57]
		},
		"firstperson_righthand": {
			"translation": [1.5, 0, 0]
		},
		"firstperson_lefthand": {
			"translation": [1.5, 0, 0]
		},
		"ground": {
			"scale": [0.72, 0.72, 0.72]
		},
		"gui": {
			"rotation": [12, -180, 0],
			"scale": [0.80766, 1.17656, 1]
		},
		"head": {
			"rotation": [-7, 0, 0],
			"translation": [-0.75, 3.25, -0.75],
			"scale": [1.68, 1.61, 1.69]
		},
		"fixed": {
			"rotation": [-89, 0, 0],
			"translation": [0, 0, -3.25]
		}
	},
	"groups": [
		{
			"name": "hat",
			"origin": [0, 0, 0],
			"color": 0,
			"children": [0, 1, 2, 3, 4, 5, 6, 7, 8, 9, 10, 11, 12, 13, 14, 15, 16, 17, 18, 19]
		}
	]
}