{
	"credit": "Made with Blockbench",
	"texture_size": [64, 64],
	"textures": {
		"0": "blockbench/flight_helmet",
		"particle": "blockbench/flight_helmet"
	},
	"elements": [
		{
			"from": [3.5, 5.5, -0.05],
			"to": [3.5, 13.5, 9.45],
			"faces": {
				"north": {"uv": [0, 0, 0, 2], "texture": "#0"},
				"east": {"uv": [0, 2.5, 2.5, 4.5], "texture": "#0"},
				"south": {"uv": [0, 0, 0, 2], "texture": "#0"},
				"west": {"uv": [2.5, 2.5, 5, 4.5], "texture": "#0"},
				"up": {"uv": [0, 2.5, 0, 0], "texture": "#0"},
				"down": {"uv": [0, 0, 0, 2.5], "texture": "#0"}
			}
		},
		{
			"from": [3.75, 5.25, 0.2],
			"to": [3.75, 13.25, 9.2],
			"rotation": {"angle": 0, "axis": "y", "origin": [0.25, -0.25, 0]},
			"faces": {
				"north": {"uv": [2.5, 4.5, 4.75, 6.5], "texture": "#0"},
				"east": {"uv": [4.75, 4.5, 2.5, 6.5], "texture": "#0"},
				"south": {"uv": [2.5, 4.5, 4.75, 6.5], "texture": "#0"},
				"west": {"uv": [2.5, 4.5, 4.75, 6.5], "texture": "#0"},
				"up": {"uv": [2.5, 4.5, 4.75, 6.5], "texture": "#0"},
				"down": {"uv": [2.5, 4.5, 4.75, 6.5], "texture": "#0"}
			}
		},
		{
			"from": [12.5, 5.5, -0.05],
			"to": [12.5, 13.5, 9.45],
			"rotation": {"angle": 0, "axis": "y", "origin": [12.5, 3.5, 0]},
			"faces": {
				"north": {"uv": [0, 0, 0, 2], "texture": "#0"},
				"east": {"uv": [0, 4.5, 2.5, 6.5], "texture": "#0"},
				"south": {"uv": [0, 0, 0, 2], "texture": "#0"},
				"west": {"uv": [4.5, 0, 7, 2], "texture": "#0"},
				"up": {"uv": [0, 2.5, 0, 0], "texture": "#0"},
				"down": {"uv": [0, 0, 0, 2.5], "texture": "#0"}
			}
		},
		{
			"from": [12.25, 5.25, 0.2],
			"to": [12.25, 13.25, 9.2],
			"rotation": {"angle": 0, "axis": "y", "origin": [12.25, 3.25, 0]},
			"faces": {
				"north": {"uv": [0, 6.5, 2.25, 8.5], "texture": "#0"},
				"east": {"uv": [0, 6.5, 2.25, 8.5], "texture": "#0"},
				"south": {"uv": [0, 6.5, 2.25, 8.5], "texture": "#0"},
				"west": {"uv": [2.25, 6.5, 0, 8.5], "texture": "#0"},
				"up": {"uv": [0, 6.5, 2.25, 8.5], "texture": "#0"},
				"down": {"uv": [0, 6.5, 2.25, 8.5], "texture": "#0"}
			}
		},
		{
			"from": [3.501, 10.5, -0.05],
			"to": [12.501, 13.5, -0.05],
			"rotation": {"angle": 0, "axis": "y", "origin": [12.501, 3.5, -0.05]},
			"faces": {
				"north": {"uv": [7, 4, 9.25, 4.75], "texture": "#0"},
				"east": {"uv": [0, 0, 0, 0.75], "texture": "#0"},
				"south": {"uv": [7, 4.75, 9.25, 5.5], "texture": "#0"},
				"west": {"uv": [0, 0, 0, 0.75], "texture": "#0"},
				"up": {"uv": [2.25, 0, 0, 0], "texture": "#0"},
				"down": {"uv": [2.25, 0, 0, 0], "texture": "#0"}
			}
		},
		{
			"from": [3.5, 5.501, 9.449],
			"to": [12.5, 13.501, 9.449],
			"rotation": {"angle": 0, "axis": "y", "origin": [12.5, 3.501, 9.449]},
			"faces": {
				"north": {"uv": [2.25, 6.5, 4.5, 8.5], "texture": "#0"},
				"east": {"uv": [0, 0, 0, 2], "texture": "#0"},
				"south": {"uv": [4.5, 6.5, 6.75, 8.5], "texture": "#0"},
				"west": {"uv": [0, 0, 0, 2], "texture": "#0"},
				"up": {"uv": [2.25, 0, 0, 0], "texture": "#0"},
				"down": {"uv": [2.25, 0, 0, 0], "texture": "#0"}
			}
		},
		{
			"from": [3.75, 5.251, 9.199],
			"to": [12.25, 13.251, 9.199],
			"rotation": {"angle": 0, "axis": "y", "origin": [12.5, 3.251, 9.199]},
			"faces": {
				"north": {"uv": [9, 6.5, 6.75, 8.5], "texture": "#0"},
				"east": {"uv": [6.75, 6.5, 9, 8.5], "texture": "#0"},
				"south": {"uv": [6.75, 6.5, 9, 8.5], "texture": "#0"},
				"west": {"uv": [6.75, 6.5, 9, 8.5], "texture": "#0"},
				"up": {"uv": [6.75, 6.5, 9, 8.5], "texture": "#0"},
				"down": {"uv": [6.75, 6.5, 9, 8.5], "texture": "#0"}
			}
		},
		{
			"from": [11.501, 5.5, -0.05],
			"to": [12.501, 10.5, -0.05],
			"rotation": {"angle": 0, "axis": "y", "origin": [12.501, -0.5, -0.05]},
			"faces": {
				"north": {"uv": [2.25, 9, 2.5, 10.25], "texture": "#0"},
				"east": {"uv": [0, 0, 0, 1.25], "texture": "#0"},
				"south": {"uv": [2.5, 9, 2.75, 10.25], "texture": "#0"},
				"west": {"uv": [0, 0, 0, 1.25], "texture": "#0"},
				"up": {"uv": [0.25, 0, 0, 0], "texture": "#0"},
				"down": {"uv": [0.25, 0, 0, 0], "texture": "#0"}
			}
		},
		{
			"from": [3.501, 5.5, -0.05],
			"to": [4.501, 10.5, -0.05],
			"rotation": {"angle": 0, "axis": "y", "origin": [4.501, -0.5, -0.05]},
			"faces": {
				"north": {"uv": [2.75, 9, 3, 10.25], "texture": "#0"},
				"east": {"uv": [0, 0, 0, 1.25], "texture": "#0"},
				"south": {"uv": [3, 9, 3.25, 10.25], "texture": "#0"},
				"west": {"uv": [0, 0, 0, 1.25], "texture": "#0"},
				"up": {"uv": [0.25, 0, 0, 0], "texture": "#0"},
				"down": {"uv": [0.25, 0, 0, 0], "texture": "#0"}
			}
		},
		{
			"from": [3.501, 10.5, -0.05],
			"to": [12.501, 13.5, -0.05],
			"rotation": {"angle": -22.5, "axis": "x", "origin": [10.501, 10.5, -0.05]},
			"faces": {
				"north": {"uv": [7, 5.5, 9.25, 6.25], "texture": "#0"},
				"east": {"uv": [7, 5.5, 9.25, 6.25], "texture": "#0"},
				"south": {"uv": [7, 5.5, 9.25, 6.25], "texture": "#0"},
				"west": {"uv": [7, 5.5, 9.25, 6.25], "texture": "#0"},
				"up": {"uv": [7, 5.5, 9.25, 6.25], "texture": "#0"},
				"down": {"uv": [7, 5.5, 9.25, 6.25], "texture": "#0"}
			}
		},
		{
			"from": [3.501, 10.5, -0.3],
			"to": [12.501, 13.5, -0.3],
			"rotation": {"angle": -22.5, "axis": "x", "origin": [10.501, 10.5, -0.3]},
			"faces": {
				"north": {"uv": [7.25, 2.75, 9.5, 3.5], "texture": "#0"},
				"east": {"uv": [7.25, 2.75, 9.5, 3.5], "texture": "#0"},
				"south": {"uv": [9.5, 2.75, 7.25, 3.5], "texture": "#0"},
				"west": {"uv": [7.25, 2.75, 9.5, 3.5], "texture": "#0"},
				"up": {"uv": [7.25, 2.75, 9.5, 3.5], "texture": "#0"},
				"down": {"uv": [7.25, 2.75, 9.5, 3.5], "texture": "#0"}
			}
		},
		{
			"from": [4.501, 5.5, -0.05],
			"to": [5.501, 6.5, -0.05],
			"rotation": {"angle": 0, "axis": "y", "origin": [5.501, -5.5, -0.05]},
			"faces": {
				"north": {"uv": [9.25, 0.5, 9.5, 0.75], "texture": "#0"},
				"east": {"uv": [0, 0, 0, 0.25], "texture": "#0"},
				"south": {"uv": [0.75, 9.25, 1, 9.5], "texture": "#0"},
				"west": {"uv": [0, 0, 0, 0.25], "texture": "#0"},
				"up": {"uv": [0.25, 0, 0, 0], "texture": "#0"},
				"down": {"uv": [0.25, 0, 0, 0], "texture": "#0"}
			}
		},
		{
			"from": [10.501, 5.5, -0.05],
			"to": [11.501, 6.5, -0.05],
			"rotation": {"angle": 0, "axis": "y", "origin": [11.501, -5.5, -0.05]},
			"faces": {
				"north": {"uv": [9.25, 0.75, 9.5, 1], "texture": "#0"},
				"east": {"uv": [0, 0, 0, 0.25], "texture": "#0"},
				"south": {"uv": [1, 9.25, 1.25, 9.5], "texture": "#0"},
				"west": {"uv": [0, 0, 0, 0.25], "texture": "#0"},
				"up": {"uv": [0.25, 0, 0, 0], "texture": "#0"},
				"down": {"uv": [0.25, 0, 0, 0], "texture": "#0"}
			}
		},
		{
			"from": [11.251, 5.5, 0.2],
			"to": [12.251, 10.5, 0.2],
			"rotation": {"angle": 0, "axis": "y", "origin": [12.251, -0.5, 0.2]},
			"faces": {
				"north": {"uv": [3.25, 9, 3.5, 10.25], "texture": "#0"},
				"east": {"uv": [3.25, 9, 3.5, 10.25], "texture": "#0"},
				"south": {"uv": [3.25, 9, 3.5, 10.25], "texture": "#0"},
				"west": {"uv": [3.25, 9, 3.5, 10.25], "texture": "#0"},
				"up": {"uv": [3.25, 9, 3.5, 10.25], "texture": "#0"},
				"down": {"uv": [3.25, 9, 3.5, 10.25], "texture": "#0"}
			}
		},
		{
			"from": [10.251, 5.5, 0.2],
			"to": [11.251, 6.5, 0.2],
			"rotation": {"angle": 0, "axis": "y", "origin": [11.251, -5.5, 0.2]},
			"faces": {
				"north": {"uv": [9.25, 1, 9.5, 1.25], "texture": "#0"},
				"east": {"uv": [9.25, 1, 9.5, 1.25], "texture": "#0"},
				"south": {"uv": [9.25, 1, 9.5, 1.25], "texture": "#0"},
				"west": {"uv": [9.25, 1, 9.5, 1.25], "texture": "#0"},
				"up": {"uv": [9.25, 1, 9.5, 1.25], "texture": "#0"},
				"down": {"uv": [9.25, 1, 9.5, 1.25], "texture": "#0"}
			}
		},
		{
			"from": [4.751, 5.5, 0.2],
			"to": [5.751, 6.5, 0.2],
			"rotation": {"angle": 0, "axis": "y", "origin": [5.751, -5.5, 0.2]},
			"faces": {
				"north": {"uv": [9.25, 1.75, 9.5, 2], "texture": "#0"},
				"east": {"uv": [9.25, 1.75, 9.5, 2], "texture": "#0"},
				"south": {"uv": [9.25, 1.75, 9.5, 2], "texture": "#0"},
				"west": {"uv": [9.25, 1.75, 9.5, 2], "texture": "#0"},
				"up": {"uv": [9.25, 1.75, 9.5, 2], "texture": "#0"},
				"down": {"uv": [9.25, 1.75, 9.5, 2], "texture": "#0"}
			}
		},
		{
			"from": [3.751, 5.5, 0.2],
			"to": [4.751, 10.5, 0.2],
			"rotation": {"angle": 0, "axis": "y", "origin": [4.751, -0.5, 0.2]},
			"faces": {
				"north": {"uv": [3.75, 9, 4, 10.25], "texture": "#0"},
				"east": {"uv": [3.75, 9, 4, 10.25], "texture": "#0"},
				"south": {"uv": [3.75, 9, 4, 10.25], "texture": "#0"},
				"west": {"uv": [3.75, 9, 4, 10.25], "texture": "#0"},
				"up": {"uv": [3.75, 9, 4, 10.25], "texture": "#0"},
				"down": {"uv": [3.75, 9, 4, 10.25], "texture": "#0"}
			}
		},
		{
			"from": [3.5, 13.5, -0.05],
			"to": [12.5, 13.5, 9.45],
			"rotation": {"angle": 0, "axis": "y", "origin": [12.5, 13.5, 0]},
			"faces": {
				"north": {"uv": [0, 0, 2.25, 0], "texture": "#0"},
				"east": {"uv": [0, 0, 2.5, 0], "texture": "#0"},
				"south": {"uv": [0, 0, 2.25, 0], "texture": "#0"},
				"west": {"uv": [0, 0, 2.5, 0], "texture": "#0"},
				"up": {"uv": [2.25, 2.5, 0, 0], "texture": "#0"},
				"down": {"uv": [4.5, 0, 2.25, 2.5], "texture": "#0"}
			}
		},
		{
			"from": [3.5, 5.5, 0.95],
			"to": [12.5, 5.5, 2.45],
			"rotation": {"angle": 0, "axis": "y", "origin": [12.5, 5.5, 0]},
			"faces": {
				"north": {"uv": [6.75, 9, 4.5, 8.5], "texture": "#0"},
				"east": {"uv": [6.75, 9, 4.5, 8.5], "texture": "#0"},
				"south": {"uv": [6.75, 9, 4.5, 8.5], "texture": "#0"},
				"west": {"uv": [6.75, 9, 4.5, 8.5], "texture": "#0"},
				"up": {"uv": [6.75, 9, 4.5, 8.5], "texture": "#0"},
				"down": {"uv": [6.75, 8.5, 4.5, 9], "texture": "#0"}
			}
		}
	],
	"display": {
		"thirdperson_righthand": {
			"translation": [0, 1.25, 2.25],
			"scale": [0.57, 0.57, 0.57]
		},
		"thirdperson_lefthand": {
			"translation": [0, 1.25, 2.25],
			"scale": [0.57, 0.57, 0.57]
		},
		"firstperson_righthand": {
			"rotation": [-1, 0, 0],
			"translation": [1.75, -2.25, 1],
			"scale": [1.33, 1.44, 0.88]
		},
		"firstperson_lefthand": {
			"rotation": [1, 0, 0],
			"translation": [1.75, -2, 1],
			"scale": [1.33, 1.44, 0.88]
		},
		"ground": {
			"translation": [0.75, 1.25, 4.5],
			"scale": [0.87, 0.87, 0.87]
		},
		"gui": {
			"rotation": [15, 155, -1],
			"translation": [1.75, -1.25, 0],
			"scale": [0.98, 1.12, 1.15]
		},
		"head": {
			"translation": [0, -2.5, 5.25],
			"scale": [1.7, 1.8, 1.67]
		},
		"fixed": {
			"rotation": [-91, 0, 0],
			"translation": [0.25, 4.25, -4],
			"scale": [1.13922, 1.32477, 1.11188]
		}
	},
	"groups": [
		{
			"name": "group",
			"origin": [0, 0, 0],
			"color": 0,
			"children": [0, 1, 2, 3, 4, 5, 6, 7, 8, 9, 10, 11, 12, 13, 14, 15, 16, 17, 18]
		}
	]
}