{
	"credit": "Made with Blockbench",
	"texture_size": [64, 64],
	"textures": {
		"0": "blockbench/book_pages",
		"particle": "blockbench/book_pages"
	},
	"elements": [
		{
			"from": [7, 13, -1],
			"to": [16, 13, 13],
			"faces": {
				"north": {"uv": [7.125, 0.21875, 6.98438, 0.4375], "texture": "#0"},
				"east": {"uv": [7.125, 0.21875, 6.98438, 0.4375], "texture": "#0"},
				"south": {"uv": [7.125, 0.21875, 6.98438, 0.4375], "texture": "#0"},
				"west": {"uv": [7.125, 0.21875, 6.98438, 0.4375], "texture": "#0"},
				"up": {"uv": [7.125, 0.21875, 6.98438, 0.4375], "texture": "#0"},
				"down": {"uv": [7.125, 0.21875, 6.98438, 0.4375], "texture": "#0"}
			}
		},
		{
			"from": [-1, 13, 0],
			"to": [15, 14, 12],
			"faces": {
				"north": {"uv": [15.23438, 0.20313, 16, 0], "texture": "#0"},
				"east": {"uv": [6.25, 4, 9.25, 4.25], "texture": "#0"},
				"south": {"uv": [6.25, 3.75, 10.25, 4], "texture": "#0"},
				"west": {"uv": [6.25, 4.25, 9.25, 4.5], "texture": "#0"},
				"up": {"uv": [6.98438, 0.1875, 6.73438, 0], "texture": "#0"},
				"down": {"uv": [4, 13, 0, 16], "texture": "#0"}
			}
		},
		{
			"from": [-2, 13, -1],
			"to": [7, 13, 13],
			"faces": {
				"north": {"uv": [7.26563, 0, 7.125, 0.21875], "texture": "#0"},
				"east": {"uv": [7.26563, 0, 7.125, 0.21875], "texture": "#0"},
				"south": {"uv": [7.26563, 0, 7.125, 0.21875], "texture": "#0"},
				"west": {"uv": [7.26563, 0, 7.125, 0.21875], "texture": "#0"},
				"up": {"uv": [7.26563, 0, 7.125, 0.21875], "texture": "#0"},
				"down": {"uv": [7.26563, 0, 7.125, 0.21875], "texture": "#0"}
			}
		},
		{
			"from": [-1.00038, 13.99908, 0],
			"to": [6.99962, 13.99908, 12],
			"rotation": {"angle": -22.5, "axis": "z", "origin": [6.99962, 13.99908, 8]},
			"faces": {
				"north": {"uv": [0, 0, 4, 0], "texture": "#0"},
				"east": {"uv": [0, 0, 6, 0], "texture": "#0"},
				"south": {"uv": [0, 0, 4, 0], "texture": "#0"},
				"west": {"uv": [0, 0, 6, 0], "texture": "#0"},
				"up": {"uv": [3.01563, 9.98438, 0, 5.03125], "texture": "#0"},
				"down": {"uv": [5.95313, 5, 3.04688, 9.96875], "texture": "#0"}
			}
		},
		{
			"from": [7.00038, 13.99908, 0],
			"to": [15.00038, 13.99908, 12],
			"rotation": {"angle": 22.5, "axis": "z", "origin": [7.00038, 13.99908, 8]},
			"faces": {
				"north": {"uv": [0, 0, 4, 0], "texture": "#0"},
				"east": {"uv": [0, 0, 6, 0], "texture": "#0"},
				"south": {"uv": [0, 0, 4, 0], "texture": "#0"},
				"west": {"uv": [0, 0, 6, 0], "texture": "#0"},
				"up": {"uv": [2.98438, 5.04688, 0, 0], "texture": "#0"},
				"down": {"uv": [3.04688, 5.04688, 5.95313, 9.95313], "texture": "#0"}
			}
		}
	],
	"display": {
		"thirdperson_righthand": {
			"rotation": [0, -180, 0],
			"translation": [-0.25, -3.25, -1],
			"scale": [0.57, 0.57, 0.57]
		},
		"thirdperson_lefthand": {
			"rotation": [0, -179, 0],
			"translation": [0.75, -3.25, -1],
			"scale": [0.57, 0.57, 0.57]
		},
		"firstperson_righthand": {
			"rotation": [53, -180, -13],
			"translation": [-1, -1.25, -1.75],
			"scale": [0.96, 1, 1]
		},
		"firstperson_lefthand": {
			"rotation": [53, -180, -13],
			"translation": [-1, -1.25, -1.75],
			"scale": [0.96, 1, 1]
		},
		"ground": {
			"translation": [1.25, -7.5, 3.5],
			"scale": [1.2, 1.21, 1.21]
		},
		"gui": {
			"rotation": [28, -160, -2],
			"translation": [-1, -4.25, 0.75],
			"scale": [0.8, 0.82, 1.14]
		},
		"head": {
			"translation": [1.75, -2.5, 4],
			"scale": [1.67, 1.80422, 1.7]
		},
		"fixed": {
			"rotation": [-90, 0, 0],
			"translation": [3.25, 6.25, 17.25],
			"scale": [3.52, 3.52, 3.52]
		}
	},
	"groups": [
		{
			"name": "hat",
			"origin": [0, 0, 0],
			"color": 0,
			"children": [0, 1, 2]
		},
		{
			"name": "group",
			"origin": [6.99962, 13.99908, 8],
			"color": 0,
			"children": [3, 4]
		}
	]
}