{
	"credit": "Made with Blockbench",
	"texture_size": [64, 64],
	"textures": {
		"0": "blockbench/tuff_golem_mask",
		"particle": "blockbench/tuff_golem_mask"
	},
	"elements": [
		{
			"from": [4, 2, 4],
			"to": [13, 11, 4],
			"faces": {
				"north": {"uv": [1, 2.25, 2, 3.5], "texture": "#0"},
				"east": {"uv": [1, 2.25, 2, 3.5], "texture": "#0"},
				"south": {"uv": [0, 2.25, 1, 3.5], "texture": "#0"},
				"west": {"uv": [1, 2.25, 2, 3.5], "texture": "#0"},
				"up": {"uv": [1, 2.25, 2, 3.5], "texture": "#0"},
				"down": {"uv": [1, 2.25, 2, 3.5], "texture": "#0"}
			}
		},
		{
			"from": [3.9, 2, 3.9],
			"to": [13.07, 11.15, 3.9],
			"rotation": {"angle": 0, "axis": "y", "origin": [8, 6, 3.75]},
			"faces": {
				"north": {"uv": [1, 1, 1.98, 2.225], "texture": "#0"},
				"east": {"uv": [1, 1, 1.98, 2.225], "texture": "#0"},
				"south": {"uv": [1.98, 1, 1, 2.225], "texture": "#0"},
				"west": {"uv": [1, 1, 1.98, 2.225], "texture": "#0"},
				"up": {"uv": [1, 1, 1.98, 2.225], "texture": "#0"},
				"down": {"uv": [1, 1, 1.98, 2.225], "texture": "#0"}
			}
		},
		{
			"from": [3.9, 2, 13.15],
			"to": [13.07, 11.15, 13.15],
			"rotation": {"angle": 0, "axis": "y", "origin": [8, 6, 3.75]},
			"faces": {
				"north": {"uv": [3.94875, 1, 3, 2.225], "texture": "#0"},
				"east": {"uv": [3, 1, 3.94875, 2.225], "texture": "#0"},
				"south": {"uv": [3, 1, 3.94875, 2.225], "texture": "#0"},
				"west": {"uv": [3, 1, 3.94875, 2.225], "texture": "#0"},
				"up": {"uv": [3, 1, 3.94875, 2.225], "texture": "#0"},
				"down": {"uv": [3, 1, 3.94875, 2.225], "texture": "#0"}
			}
		},
		{
			"from": [3.9, 11.15, 3.9],
			"to": [13.07, 11.15, 13.15],
			"rotation": {"angle": 0, "axis": "y", "origin": [8, 6, 3.75]},
			"faces": {
				"north": {"uv": [1.03125, 0, 1.98, 1], "texture": "#0"},
				"east": {"uv": [1.03125, 0, 1.98, 1], "texture": "#0"},
				"south": {"uv": [1.03125, 0, 1.98, 1], "texture": "#0"},
				"west": {"uv": [1.03125, 0, 1.98, 1], "texture": "#0"},
				"up": {"uv": [1.03125, 0, 1.98, 1], "texture": "#0"},
				"down": {"uv": [1.03125, 1, 1.98, 0], "texture": "#0"}
			}
		},
		{
			"from": [3.9, 2, 3.9],
			"to": [13.07, 2, 13.15],
			"rotation": {"angle": 0, "axis": "y", "origin": [8, 6, 3.75]},
			"faces": {
				"north": {"uv": [2.03125, 0, 2.98, 1], "texture": "#0"},
				"east": {"uv": [2.03125, 0, 2.98, 1], "texture": "#0"},
				"south": {"uv": [2.03125, 0, 2.98, 1], "texture": "#0"},
				"west": {"uv": [2.03125, 0, 2.98, 1], "texture": "#0"},
				"up": {"uv": [2.03125, 0, 2.98, 1], "texture": "#0"},
				"down": {"uv": [2.03125, 0, 2.98, 1], "texture": "#0"}
			}
		},
		{
			"from": [13.07, 2, 3.9],
			"to": [13.07, 11.15, 13.15],
			"rotation": {"angle": 0, "axis": "y", "origin": [8, 6, 3.75]},
			"faces": {
				"north": {"uv": [0, 1, 1, 2.225], "texture": "#0"},
				"east": {"uv": [0, 1, 1, 2.225], "texture": "#0"},
				"south": {"uv": [0, 1, 1, 2.225], "texture": "#0"},
				"west": {"uv": [1, 1, 0, 2.225], "texture": "#0"},
				"up": {"uv": [0, 1, 1, 2.225], "texture": "#0"},
				"down": {"uv": [0, 1, 1, 2.225], "texture": "#0"}
			}
		},
		{
			"from": [3.9, 2, 3.9],
			"to": [3.9, 11.15, 13.15],
			"rotation": {"angle": 0, "axis": "y", "origin": [8.83, 6, 3.75]},
			"faces": {
				"north": {"uv": [0, 1, 1, 2.225], "texture": "#0"},
				"east": {"uv": [0, 1, 1, 2.225], "texture": "#0"},
				"south": {"uv": [0, 1, 1, 2.225], "texture": "#0"},
				"west": {"uv": [1, 1, 0, 2.225], "texture": "#0"},
				"up": {"uv": [0, 1, 1, 2.225], "texture": "#0"},
				"down": {"uv": [0, 1, 1, 2.225], "texture": "#0"}
			}
		},
		{
			"from": [7.27, 2.78, 2.9],
			"to": [8.42, 3.73, 3.9],
			"rotation": {"angle": 0, "axis": "y", "origin": [7.35, 1.85, -2.75]},
			"faces": {
				"north": {"uv": [3.625, 0.5, 3.75, 0.6125], "texture": "#0"},
				"east": {"uv": [3.625, 0.5, 3.75, 0.6125], "texture": "#0"},
				"south": {"uv": [3.625, 0.5, 3.75, 0.6125], "texture": "#0"},
				"west": {"uv": [3.625, 0.5, 3.75, 0.6125], "texture": "#0"},
				"up": {"uv": [3.625, 0.5, 3.75, 0.6125], "texture": "#0"},
				"down": {"uv": [3.625, 0.5, 3.75, 0.6125], "texture": "#0"}
			}
		},
		{
			"from": [7.27, 2.78, 1.9],
			"to": [8.42, 3.73, 2.9],
			"rotation": {"angle": 0, "axis": "y", "origin": [7.35, 1.85, -3.75]},
			"faces": {
				"north": {"uv": [3.375, 0.5, 3.475, 0.6125], "texture": "#0"},
				"east": {"uv": [3.5, 0.625, 3.6, 0.7375], "texture": "#0"},
				"south": {"uv": [3.5, 0.625, 3.6, 0.7375], "texture": "#0"},
				"west": {"uv": [3.5, 0.625, 3.6, 0.7375], "texture": "#0"},
				"up": {"uv": [3.5, 0.625, 3.6, 0.7375], "texture": "#0"},
				"down": {"uv": [3.5, 0.625, 3.6, 0.7375], "texture": "#0"}
			}
		},
		{
			"from": [7.27, 3.73, 2.9],
			"to": [8.42, 4.68, 3.9],
			"rotation": {"angle": 0, "axis": "y", "origin": [7.35, 2.8, -2.75]},
			"faces": {
				"north": {"uv": [3.625, 0.375, 3.75, 0.4875], "texture": "#0"},
				"east": {"uv": [3.625, 0.375, 3.75, 0.4875], "texture": "#0"},
				"south": {"uv": [3.625, 0.375, 3.75, 0.4875], "texture": "#0"},
				"west": {"uv": [3.625, 0.375, 3.75, 0.4875], "texture": "#0"},
				"up": {"uv": [3.625, 0.375, 3.75, 0.4875], "texture": "#0"},
				"down": {"uv": [3.625, 0.375, 3.75, 0.4875], "texture": "#0"}
			}
		},
		{
			"from": [7.27, 3.73, 1.9],
			"to": [8.42, 4.68, 2.9],
			"rotation": {"angle": 0, "axis": "y", "origin": [7.35, 2.8, -3.75]},
			"faces": {
				"north": {"uv": [3.375, 0.375, 3.475, 0.4875], "texture": "#0"},
				"east": {"uv": [3.5, 0.375, 3.6, 0.4875], "texture": "#0"},
				"south": {"uv": [3.5, 0.375, 3.6, 0.4875], "texture": "#0"},
				"west": {"uv": [3.5, 0.375, 3.6, 0.4875], "texture": "#0"},
				"up": {"uv": [3.5, 0.375, 3.6, 0.4875], "texture": "#0"},
				"down": {"uv": [3.5, 0.375, 3.6, 0.4875], "texture": "#0"}
			}
		},
		{
			"from": [7.27, 4.68, 2.9],
			"to": [8.42, 5.63, 3.9],
			"rotation": {"angle": 0, "axis": "y", "origin": [7.35, 3.75, -2.75]},
			"faces": {
				"north": {"uv": [3.625, 0.25, 3.75, 0.3625], "texture": "#0"},
				"east": {"uv": [3.625, 0.25, 3.75, 0.3625], "texture": "#0"},
				"south": {"uv": [3.625, 0.25, 3.75, 0.3625], "texture": "#0"},
				"west": {"uv": [3.625, 0.25, 3.75, 0.3625], "texture": "#0"},
				"up": {"uv": [3.625, 0.25, 3.75, 0.3625], "texture": "#0"},
				"down": {"uv": [3.625, 0.25, 3.75, 0.3625], "texture": "#0"}
			}
		},
		{
			"from": [7.27, 4.68, 1.9],
			"to": [8.42, 5.63, 2.9],
			"rotation": {"angle": 0, "axis": "y", "origin": [7.35, 3.75, -3.75]},
			"faces": {
				"north": {"uv": [3.40625, 0.25, 3.475, 0.34375], "texture": "#0"},
				"east": {"uv": [3.53125, 0.25, 3.6, 0.34375], "texture": "#0"},
				"south": {"uv": [3.53125, 0.25, 3.6, 0.34375], "texture": "#0"},
				"west": {"uv": [3.53125, 0.25, 3.6, 0.34375], "texture": "#0"},
				"up": {"uv": [3.53125, 0.25, 3.6, 0.34375], "texture": "#0"},
				"down": {"uv": [3.53125, 0.25, 3.6, 0.34375], "texture": "#0"}
			}
		},
		{
			"from": [8.42, 2.78, 2.9],
			"to": [9.57, 3.73, 3.9],
			"rotation": {"angle": 0, "axis": "y", "origin": [8.5, 1.85, -2.75]},
			"faces": {
				"north": {"uv": [3, 0.5, 3.125, 0.6125], "texture": "#0"},
				"east": {"uv": [3, 0.5, 3.125, 0.6125], "texture": "#0"},
				"south": {"uv": [3, 0.5, 3.125, 0.6125], "texture": "#0"},
				"west": {"uv": [3, 0.5, 3.125, 0.6125], "texture": "#0"},
				"up": {"uv": [3, 0.5, 3.125, 0.6125], "texture": "#0"},
				"down": {"uv": [3, 0.5, 3.125, 0.6125], "texture": "#0"}
			}
		},
		{
			"from": [8.42, 2.78, 1.9],
			"to": [9.57, 3.73, 2.9],
			"rotation": {"angle": 0, "axis": "y", "origin": [8.5, 1.85, -3.75]},
			"faces": {
				"north": {"uv": [3.25, 0.5, 3.375, 0.6125], "texture": "#0"},
				"east": {"uv": [3.125, 0.5, 3.25, 0.6125], "texture": "#0"},
				"south": {"uv": [3.125, 0.5, 3.25, 0.6125], "texture": "#0"},
				"west": {"uv": [3.125, 0.5, 3.25, 0.6125], "texture": "#0"},
				"up": {"uv": [3.125, 0.5, 3.25, 0.6125], "texture": "#0"},
				"down": {"uv": [3.125, 0.5, 3.25, 0.6125], "texture": "#0"}
			}
		},
		{
			"from": [8.42, 3.73, 1.9],
			"to": [9.57, 4.68, 2.9],
			"rotation": {"angle": 0, "axis": "y", "origin": [8.5, 2.8, -3.75]},
			"faces": {
				"north": {"uv": [3.25, 0.375, 3.375, 0.4875], "texture": "#0"},
				"east": {"uv": [3.125, 0.375, 3.25, 0.4875], "texture": "#0"},
				"south": {"uv": [3.125, 0.375, 3.25, 0.4875], "texture": "#0"},
				"west": {"uv": [3.125, 0.375, 3.25, 0.4875], "texture": "#0"},
				"up": {"uv": [3.125, 0.375, 3.25, 0.4875], "texture": "#0"},
				"down": {"uv": [3.125, 0.375, 3.25, 0.4875], "texture": "#0"}
			}
		},
		{
			"from": [8.42, 3.73, 2.9],
			"to": [9.57, 4.68, 3.9],
			"rotation": {"angle": 0, "axis": "y", "origin": [8.5, 2.8, -2.75]},
			"faces": {
				"north": {"uv": [3, 0.375, 3.125, 0.4875], "texture": "#0"},
				"east": {"uv": [3, 0.375, 3.125, 0.4875], "texture": "#0"},
				"south": {"uv": [3, 0.375, 3.125, 0.4875], "texture": "#0"},
				"west": {"uv": [3, 0.375, 3.125, 0.4875], "texture": "#0"},
				"up": {"uv": [3, 0.375, 3.125, 0.4875], "texture": "#0"},
				"down": {"uv": [3, 0.375, 3.125, 0.4875], "texture": "#0"}
			}
		},
		{
			"from": [8.42, 4.68, 1.9],
			"to": [9.57, 5.63, 2.9],
			"rotation": {"angle": 0, "axis": "y", "origin": [8.5, 3.75, -3.75]},
			"faces": {
				"north": {"uv": [3.25, 0.25, 3.375, 0.3625], "texture": "#0"},
				"east": {"uv": [3.125, 0.25, 3.25, 0.3625], "texture": "#0"},
				"south": {"uv": [3.125, 0.25, 3.25, 0.3625], "texture": "#0"},
				"west": {"uv": [3.125, 0.25, 3.25, 0.3625], "texture": "#0"},
				"up": {"uv": [3.125, 0.25, 3.25, 0.3625], "texture": "#0"},
				"down": {"uv": [3.125, 0.25, 3.25, 0.3625], "texture": "#0"}
			}
		},
		{
			"from": [8.42, 4.68, 2.9],
			"to": [9.57, 5.63, 3.9],
			"rotation": {"angle": 0, "axis": "y", "origin": [8.5, 3.75, -2.75]},
			"faces": {
				"north": {"uv": [3, 0.25, 3.125, 0.39375], "texture": "#0"},
				"east": {"uv": [3, 0.25, 3.125, 0.39375], "texture": "#0"},
				"south": {"uv": [3, 0.25, 3.125, 0.39375], "texture": "#0"},
				"west": {"uv": [3, 0.25, 3.125, 0.39375], "texture": "#0"},
				"up": {"uv": [3, 0.25, 3.125, 0.39375], "texture": "#0"},
				"down": {"uv": [3, 0.25, 3.125, 0.39375], "texture": "#0"}
			}
		},
		{
			"from": [3.15, 11.399, 3.151],
			"to": [13.82, 11.399, 13.901],
			"rotation": {"angle": 0, "axis": "y", "origin": [-0.35, -0.101, 0.151]},
			"faces": {
				"north": {"uv": [0, 0, 2.625, 0], "texture": "#0"},
				"east": {"uv": [0, 0, 2.75, 0], "texture": "#0"},
				"south": {"uv": [0, 0, 2.625, 0], "texture": "#0"},
				"west": {"uv": [0, 0, 2.75, 0], "texture": "#0"},
				"up": {"uv": [3.625, 4.125, 2.25, 2.75], "texture": "#0"},
				"down": {"uv": [7.125, 0, 4.5, 2.75], "texture": "#0"}
			}
		},
		{
			"from": [13.819, 2.4, 3.151],
			"to": [13.819, 11.4, 13.901],
			"rotation": {"angle": 0, "axis": "y", "origin": [1.569, -0.1, -0.599]},
			"faces": {
				"north": {"uv": [0, 4.5, 1.375, 5.625], "texture": "#0"},
				"east": {"uv": [0, 4.5, 1.375, 5.625], "texture": "#0"},
				"south": {"uv": [0, 4.5, 1.375, 5.625], "texture": "#0"},
				"west": {"uv": [0, 4.5, 1.375, 5.625], "texture": "#0"},
				"up": {"uv": [0, 4.5, 1.375, 5.625], "texture": "#0"},
				"down": {"uv": [0, 4.5, 1.375, 5.625], "texture": "#0"}
			}
		},
		{
			"from": [3.15, 2.4, 3.151],
			"to": [3.15, 11.4, 13.901],
			"rotation": {"angle": 0, "axis": "y", "origin": [1.9, -0.1, -0.599]},
			"faces": {
				"north": {"uv": [0, 4.5, 1.375, 5.625], "texture": "#0"},
				"east": {"uv": [0, 4.5, 1.375, 5.625], "texture": "#0"},
				"south": {"uv": [0, 4.5, 1.375, 5.625], "texture": "#0"},
				"west": {"uv": [0, 4.5, 1.375, 5.625], "texture": "#0"},
				"up": {"uv": [0, 4.5, 1.375, 5.625], "texture": "#0"},
				"down": {"uv": [0, 4.5, 1.375, 5.625], "texture": "#0"}
			}
		},
		{
			"from": [3.15, 7.4, 3.151],
			"to": [13.82, 11.4, 3.151],
			"rotation": {"angle": 0, "axis": "y", "origin": [-0.6, -0.1, 0.901]},
			"faces": {
				"north": {"uv": [4.5, 2.75, 5.875, 3.25], "texture": "#0"},
				"east": {"uv": [4.5, 2.75, 5.875, 3.25], "texture": "#0"},
				"south": {"uv": [4.5, 2.75, 5.875, 3.25], "texture": "#0"},
				"west": {"uv": [4.5, 2.75, 5.875, 3.25], "texture": "#0"},
				"up": {"uv": [4.5, 2.75, 5.875, 3.25], "texture": "#0"},
				"down": {"uv": [4.5, 2.75, 5.875, 3.25], "texture": "#0"}
			}
		},
		{
			"from": [3.15, 7.4, 13.9],
			"to": [13.82, 11.4, 13.9],
			"rotation": {"angle": 0, "axis": "y", "origin": [-0.6, -0.1, -0.35]},
			"faces": {
				"north": {"uv": [4.5, 2.75, 5.875, 3.25], "texture": "#0"},
				"east": {"uv": [4.5, 2.75, 5.875, 3.25], "texture": "#0"},
				"south": {"uv": [4.5, 2.75, 5.875, 3.25], "texture": "#0"},
				"west": {"uv": [4.5, 2.75, 5.875, 3.25], "texture": "#0"},
				"up": {"uv": [4.5, 2.75, 5.875, 3.25], "texture": "#0"},
				"down": {"uv": [4.5, 2.75, 5.875, 3.25], "texture": "#0"}
			}
		}
	],
	"display": {
		"thirdperson_righthand": {
			"translation": [-0.25, 0, -1],
			"scale": [0.57, 0.57, 0.57]
		},
		"thirdperson_lefthand": {
			"translation": [-0.25, 0, -1],
			"scale": [0.57, 0.57, 0.57]
		},
		"firstperson_righthand": {
			"translation": [1.5, 3.5, 0.75],
			"scale": [1.34, 1.17, 0.93]
		},
		"firstperson_lefthand": {
			"translation": [1.5, 3.5, 0.75],
			"scale": [1.34, 1.17, 0.93]
		},
		"ground": {
			"translation": [0, 2.25, 0],
			"scale": [0.72, 0.72, 0.72]
		},
		"gui": {
			"rotation": [16, 144, 0],
			"translation": [0, 1.25, 0],
			"scale": [0.89, 0.88477, 0.89]
		},
		"head": {
			"translation": [-0.75, 2.5, -0.75],
			"scale": [1.62, 1.59, 1.62]
		},
		"fixed": {
			"rotation": [-89.5, 0, 0],
			"translation": [-0.5, 0, -11.25],
			"scale": [1.95, 1.97, 1.95]
		}
	},
	"groups": [
		{
			"name": "inside layer",
			"origin": [0, 0, 0],
			"color": 0,
			"children": [0]
		},
		{
			"name": "outside shell",
			"origin": [0, 0, 0],
			"color": 0,
			"children": [
				1,
				2,
				3,
				4,
				5,
				6,
				{
					"name": "nose",
					"origin": [8.5, 3.75, -2.75],
					"color": 0,
					"children": [7, 8, 9, 10, 11, 12, 13, 14, 15, 16, 17, 18]
				}
			]
		},
		{
			"name": "group",
			"origin": [0, 0, 0],
			"color": 0,
			"children": [19, 20, 21, 22, 23]
		}
	]
}