{
	"credit": "Made with Blockbench",
	"texture_size": [64, 64],
	"textures": {
		"0": "blockbench/zuri_hat",
		"particle": "blockbench/zuri_hat"
	},
	"elements": [
		{
			"from": [4, 12, 4],
			"to": [13, 12, 13],
			"faces": {
				"north": {"uv": [0, 0, 2.25, 0], "texture": "#0"},
				"east": {"uv": [0, 0, 2.25, 0], "texture": "#0"},
				"south": {"uv": [0, 0, 2.25, 0], "texture": "#0"},
				"west": {"uv": [0, 0, 2.25, 0], "texture": "#0"},
				"up": {"uv": [7, 2.25, 4.75, 0], "texture": "#0"},
				"down": {"uv": [7, 2.25, 4.75, 4.5], "texture": "#0"}
			}
		},
		{
			"from": [4, 8, 4],
			"to": [13, 12, 4],
			"faces": {
				"north": {"uv": [4.75, 4.5, 7, 5.5], "texture": "#0"},
				"east": {"uv": [4.75, 4.5, 7, 5.5], "texture": "#0"},
				"south": {"uv": [7, 4.5, 4.75, 5.5], "texture": "#0"},
				"west": {"uv": [4.75, 4.5, 7, 5.5], "texture": "#0"},
				"up": {"uv": [4.75, 4.5, 7, 5.5], "texture": "#0"},
				"down": {"uv": [4.75, 4.5, 7, 5.5], "texture": "#0"}
			}
		},
		{
			"from": [3.75, 8, 3.75],
			"to": [13.25, 10, 3.75],
			"faces": {
				"north": {"uv": [7, 5, 9.5, 5.5], "texture": "#0"},
				"east": {"uv": [7, 5, 9.5, 5.5], "texture": "#0"},
				"south": {"uv": [7, 5, 9.5, 5.5], "texture": "#0"},
				"west": {"uv": [7, 5, 9.5, 5.5], "texture": "#0"},
				"up": {"uv": [7, 5, 9.5, 5.5], "texture": "#0"},
				"down": {"uv": [7, 5, 9.5, 5.5], "texture": "#0"}
			}
		},
		{
			"from": [3.75, 8, 13.25],
			"to": [13.25, 10, 13.25],
			"faces": {
				"north": {"uv": [7, 6.5, 9.5, 7], "texture": "#0"},
				"east": {"uv": [7, 6.5, 9.5, 7], "texture": "#0"},
				"south": {"uv": [7, 6.5, 9.5, 7], "texture": "#0"},
				"west": {"uv": [7, 6.5, 9.5, 7], "texture": "#0"},
				"up": {"uv": [7, 6.5, 9.5, 7], "texture": "#0"},
				"down": {"uv": [7, 6.5, 9.5, 7], "texture": "#0"}
			}
		},
		{
			"from": [4, 8, 13],
			"to": [13, 12, 13],
			"faces": {
				"north": {"uv": [4.75, 4.5, 7, 5.5], "texture": "#0"},
				"east": {"uv": [0, 0, 0, 1], "texture": "#0"},
				"south": {"uv": [7, 0, 9.25, 1], "texture": "#0"},
				"west": {"uv": [0, 0, 0, 1], "texture": "#0"},
				"up": {"uv": [2.25, 0, 0, 0], "texture": "#0"},
				"down": {"uv": [2.25, 0, 0, 0], "texture": "#0"}
			}
		},
		{
			"from": [4, 8, 4],
			"to": [4, 12, 13],
			"faces": {
				"north": {"uv": [0, 0, 0, 1], "texture": "#0"},
				"east": {"uv": [4.75, 4.5, 7, 5.5], "texture": "#0"},
				"south": {"uv": [0, 0, 0, 1], "texture": "#0"},
				"west": {"uv": [7, 2, 9.25, 3], "texture": "#0"},
				"up": {"uv": [0, 2.25, 0, 0], "texture": "#0"},
				"down": {"uv": [0, 0, 0, 2.25], "texture": "#0"}
			}
		},
		{
			"from": [13, 8, 4],
			"to": [13, 12, 13],
			"faces": {
				"north": {"uv": [0, 0, 0, 1], "texture": "#0"},
				"east": {"uv": [7, 3, 9.25, 4], "texture": "#0"},
				"south": {"uv": [0, 0, 0, 1], "texture": "#0"},
				"west": {"uv": [4.75, 4.25, 7, 5.25], "texture": "#0"},
				"up": {"uv": [0, 2.25, 0, 0], "texture": "#0"},
				"down": {"uv": [0, 0, 0, 2.25], "texture": "#0"}
			}
		},
		{
			"from": [3.75, 8, 3.75],
			"to": [3.75, 10, 13.25],
			"faces": {
				"north": {"uv": [4.75, 7.5, 7.25, 8], "texture": "#0"},
				"east": {"uv": [4.75, 7.5, 7.25, 8], "texture": "#0"},
				"south": {"uv": [4.75, 7.5, 7.25, 8], "texture": "#0"},
				"west": {"uv": [4.75, 7.5, 7.25, 8], "texture": "#0"},
				"up": {"uv": [4.75, 7.5, 7.25, 8], "texture": "#0"},
				"down": {"uv": [4.75, 7.5, 7.25, 8], "texture": "#0"}
			}
		},
		{
			"from": [13.25, 8, 3.75],
			"to": [13.25, 10, 13.25],
			"faces": {
				"north": {"uv": [7.25, 7.5, 9.75, 8], "texture": "#0"},
				"east": {"uv": [7.25, 7.5, 9.75, 8], "texture": "#0"},
				"south": {"uv": [7.25, 7.5, 9.75, 8], "texture": "#0"},
				"west": {"uv": [7.25, 7.5, 9.75, 8], "texture": "#0"},
				"up": {"uv": [7.25, 7.5, 9.75, 8], "texture": "#0"},
				"down": {"uv": [7.25, 7.5, 9.75, 8], "texture": "#0"}
			}
		},
		{
			"from": [-1, 8, -1],
			"to": [18, 8, 18],
			"faces": {
				"north": {"uv": [0, 0, 4.75, 0], "texture": "#0"},
				"east": {"uv": [0, 0, 4.75, 0], "texture": "#0"},
				"south": {"uv": [0, 0, 4.75, 0], "texture": "#0"},
				"west": {"uv": [0, 0, 4.75, 0], "texture": "#0"},
				"up": {"uv": [4.75, 4.75, 0, 0], "texture": "#0"},
				"down": {"uv": [4.75, 4.75, 0, 9.5], "texture": "#0"}
			}
		},
		{
			"from": [18, 6, 8],
			"to": [18, 8, 10],
			"faces": {
				"north": {"uv": [0, 0, 0, 0.5], "texture": "#0"},
				"east": {"uv": [4.75, 8.5, 5.25, 9], "texture": "#0"},
				"south": {"uv": [0, 0, 0, 0.5], "texture": "#0"},
				"west": {"uv": [5.25, 8.5, 5.75, 9], "texture": "#0"},
				"up": {"uv": [0, 0.5, 0, 0], "texture": "#0"},
				"down": {"uv": [0, 0, 0, 0.5], "texture": "#0"}
			}
		},
		{
			"from": [9, 6, 18],
			"to": [11, 8, 18],
			"faces": {
				"north": {"uv": [5.75, 8.5, 6.25, 9], "texture": "#0"},
				"east": {"uv": [0, 0, 0, 0.5], "texture": "#0"},
				"south": {"uv": [6.25, 8.5, 6.75, 9], "texture": "#0"},
				"west": {"uv": [0, 0, 0, 0.5], "texture": "#0"},
				"up": {"uv": [0.5, 0, 0, 0], "texture": "#0"},
				"down": {"uv": [0.5, 0, 0, 0], "texture": "#0"}
			}
		},
		{
			"from": [4, 6, -1],
			"to": [8, 8, -1],
			"faces": {
				"north": {"uv": [0, 11.25, 1, 11.75], "texture": "#0"},
				"east": {"uv": [0, 0, 0, 0.5], "texture": "#0"},
				"south": {"uv": [0, 11.75, 1, 12.25], "texture": "#0"},
				"west": {"uv": [0, 0, 0, 0.5], "texture": "#0"},
				"up": {"uv": [0, 0, 1, 0], "texture": "#0"},
				"down": {"uv": [0, 0, 1, 0], "texture": "#0"}
			}
		},
		{
			"from": [8, 12.25, 7],
			"to": [10, 12.25, 9],
			"faces": {
				"north": {"uv": [0, 0, 0.5, 0], "texture": "#0"},
				"east": {"uv": [0, 0, 0.5, 0], "texture": "#0"},
				"south": {"uv": [0, 0, 0.5, 0], "texture": "#0"},
				"west": {"uv": [0, 0, 0.5, 0], "texture": "#0"},
				"up": {"uv": [5.5, 1, 6, 1.5], "texture": "#0"},
				"down": {"uv": [0, 0, 0.5, 0.5], "texture": "#0"}
			}
		}
	],
	"display": {
		"thirdperson_righthand": {
			"translation": [-0.25, 0.25, -1],
			"scale": [0.57, 0.57, 0.57]
		},
		"thirdperson_lefthand": {
			"translation": [-0.25, 0.25, -1],
			"scale": [0.57, 0.57, 0.57]
		},
		"firstperson_righthand": {
			"translation": [2.25, 1.75, 0]
		},
		"firstperson_lefthand": {
			"translation": [2, 2.25, -0.25]
		},
		"ground": {
			"translation": [0, -1.75, 0],
			"scale": [0.72, 0.72, 0.72]
		},
		"gui": {
			"rotation": [20, -156, 2],
			"translation": [0.75, -0.25, 0.75],
			"scale": [0.71, 0.88, 0.83]
		},
		"head": {
			"rotation": [-4, 0, 0],
			"translation": [-0.75, 2.5, -0.75],
			"scale": [1.6418, 1.65, 1.67555]
		},
		"fixed": {
			"rotation": [-90, 0, 0],
			"translation": [-0.5, 0, -1.5]
		}
	},
	"groups": [
		{
			"name": "group",
			"origin": [0, 0, 0],
			"color": 0,
			"children": [0, 1, 2, 3, 4, 5, 6, 7, 8, 9, 10, 11, 12, 13]
		}
	]
}