{
    "model": {
        "type": "range_dispatch",
        "property": "custom_model_data",
        "fallback": {
            "type": "model",
            "model": "item/carrot_on_a_stick"
        },
        "entries": [
            {
                "threshold": 1,
                "model": {
                    "type": "model",
                    "model": "item/carrot_on_a_stick/1"
                }
            },
            {
                "threshold": 2,
                "model": {
                    "type": "model",
                    "model": "item/carrot_on_a_stick/2"
                }
            },
            {
                "threshold": 3,
                "model": {
                    "type": "model",
                    "model": "item/carrot_on_a_stick/3"
                }
            },
            {
                "threshold": 4,
                "model": {
                    "type": "model",
                    "model": "item/carrot_on_a_stick/4"
                }
            },
            {
                "threshold": 5,
                "model": {
                    "type": "model",
                    "model": "item/carrot_on_a_stick/5"
                }
            },
            {
                "threshold": 6,
                "model": {
                    "type": "model",
                    "model": "item/carrot_on_a_stick/6"
                }
            },
            {
                "threshold": 8,
                "model": {
                    "type": "model",
                    "model": "item/carrot_on_a_stick/8"
                }
            },
            {
                "threshold": 11,
                "model": {
                    "type": "model",
                    "model": "item/carrot_on_a_stick/11"
                }
            },
            {
                "threshold": 12,
                "model": {
                    "type": "model",
                    "model": "item/carrot_on_a_stick/12"
                }
            },
            {
                "threshold": 13,
                "model": {
                    "type": "model",
                    "model": "item/carrot_on_a_stick/13"
                }
            },
            {
                "threshold": 14,
                "model": {
                    "type": "model",
                    "model": "item/carrot_on_a_stick/14"
                }
            },
            {
                "threshold": 15,
                "model": {
                    "type": "model",
                    "model": "item/carrot_on_a_stick/15"
                }
            },
            {
                "threshold": 16,
                "model": {
                    "type": "model",
                    "model": "item/carrot_on_a_stick/16"
                }
            },
            {
                "threshold": 18,
                "model": {
                    "type": "model",
                    "model": "item/carrot_on_a_stick/18"
                }
            },
            {
                "threshold": 22,
                "model": {
                    "type": "model",
                    "model": "item/carrot_on_a_stick/22"
                }
            },
            {
                "threshold": 24,
                "model": {
                    "type": "model",
                    "model": "item/carrot_on_a_stick/24"
                }
            },
            {
                "threshold": 26,
                "model": {
                    "type": "model",
                    "model": "item/carrot_on_a_stick/26"
                }
            },
            {
                "threshold": 28,
                "model": {
                    "type": "model",
                    "model": "item/carrot_on_a_stick/28"
                }
            },
            {
                "threshold": 30,
                "model": {
                    "type": "model",
                    "model": "item/carrot_on_a_stick/30"
                }
            },
            {
                "threshold": 32,
                "model": {
                    "type": "model",
                    "model": "item/carrot_on_a_stick/32"
                }
            },
            {
                "threshold": 34,
                "model": {
                    "type": "model",
                    "model": "item/carrot_on_a_stick/34"
                }
            },
            {
                "threshold": 42,
                "model": {
                    "type": "model",
                    "model": "item/carrot_on_a_stick/42"
                }
            },
            {
                "threshold": 44,
                "model": {
                    "type": "model",
                    "model": "item/carrot_on_a_stick/44"
                }
            },
            {
                "threshold": 46,
                "model": {
                    "type": "model",
                    "model": "item/carrot_on_a_stick/46"
                }
            },
            {
                "threshold": 48,
                "model": {
                    "type": "model",
                    "model": "item/carrot_on_a_stick/48"
                }
            },
            {
                "threshold": 50,
                "model": {
                    "type": "model",
                    "model": "item/carrot_on_a_stick/50"
                }
            },
            {
                "threshold": 52,
                "model": {
                    "type": "model",
                    "model": "item/carrot_on_a_stick/52"
                }
            },
            {
                "threshold": 54,
                "model": {
                    "type": "model",
                    "model": "item/carrot_on_a_stick/54"
                }
            },
            {
                "threshold": 62,
                "model": {
                    "type": "model",
                    "model": "item/carrot_on_a_stick/62"
                }
            },
            {
                "threshold": 64,
                "model": {
                    "type": "model",
                    "model": "item/carrot_on_a_stick/64"
                }
            },
            {
                "threshold": 66,
                "model": {
                    "type": "model",
                    "model": "item/carrot_on_a_stick/66"
                }
            },
            {
                "threshold": 68,
                "model": {
                    "type": "model",
                    "model": "item/carrot_on_a_stick/68"
                }
            },
            {
                "threshold": 70,
                "model": {
                    "type": "model",
                    "model": "item/carrot_on_a_stick/70"
                }
            },
            {
                "threshold": 72,
                "model": {
                    "type": "model",
                    "model": "item/carrot_on_a_stick/72"
                }
            },
            {
                "threshold": 74,
                "model": {
                    "type": "model",
                    "model": "item/carrot_on_a_stick/74"
                }
            },
            {
                "threshold": 82,
                "model": {
                    "type": "model",
                    "model": "item/carrot_on_a_stick/82"
                }
            },
            {
                "threshold": 84,
                "model": {
                    "type": "model",
                    "model": "item/carrot_on_a_stick/84"
                }
            },
            {
                "threshold": 86,
                "model": {
                    "type": "model",
                    "model": "item/carrot_on_a_stick/86"
                }
            },
            {
                "threshold": 88,
                "model": {
                    "type": "model",
                    "model": "item/carrot_on_a_stick/88"
                }
            },
            {
                "threshold": 90,
                "model": {
                    "type": "model",
                    "model": "item/carrot_on_a_stick/90"
                }
            },
            {
                "threshold": 92,
                "model": {
                    "type": "model",
                    "model": "item/carrot_on_a_stick/92"
                }
            },
            {
                "threshold": 94,
                "model": {
                    "type": "model",
                    "model": "item/carrot_on_a_stick/94"
                }
            },
            {
                "threshold": 96,
                "model": {
                    "type": "model",
                    "model": "item/carrot_on_a_stick/96"
                }
            }
        ]
    }
}