{
    "model": {
        "type": "range_dispatch",
        "property": "custom_model_data",
        "fallback": {
            "type": "model",
            "model": "item/warped_fungus_on_a_stick"
        },
        "entries": [
            {
                "threshold": 1,
                "model": {
                    "type": "model",
                    "model": "item/warped_fungus_on_a_stick/1"
                }
            },
            {
                "threshold": 2,
                "model": {
                    "type": "model",
                    "model": "item/warped_fungus_on_a_stick/2"
                }
            },
            {
                "threshold": 3,
                "model": {
                    "type": "model",
                    "model": "item/warped_fungus_on_a_stick/3"
                }
            },
            {
                "threshold": 4,
                "model": {
                    "type": "model",
                    "model": "item/warped_fungus_on_a_stick/4"
                }
            },
            {
                "threshold": 5,
                "model": {
                    "type": "model",
                    "model": "item/warped_fungus_on_a_stick/5"
                }
            },
            {
                "threshold": 6,
                "model": {
                    "type": "model",
                    "model": "item/warped_fungus_on_a_stick/6"
                }
            },
            {
                "threshold": 7,
                "model": {
                    "type": "model",
                    "model": "item/warped_fungus_on_a_stick/7"
                }
            },
            {
                "threshold": 8,
                "model": {
                    "type": "model",
                    "model": "item/warped_fungus_on_a_stick/8"
                }
            },
            {
                "threshold": 10,
                "model": {
                    "type": "model",
                    "model": "item/warped_fungus_on_a_stick/10"
                }
            },
            {
                "threshold": 19,
                "model": {
                    "type": "model",
                    "model": "item/warped_fungus_on_a_stick/19"
                }
            }
        ]
    }
}