{
  "parent": "item/handheld",
  "textures": {
    "layer0": "item/wooden_hoe"
  },
  "overrides": [
    {
      "predicate": {
        "custom_model_data": 121
      },
      "model": "item/custom/hoe/rusky_hoe"
    },
    {
      "predicate": {
        "custom_model_data": 1000
      },
      "model": "default/magical_wand"
    },
    {
      "predicate": {
        "custom_model_data": 1001
      },
      "model": "default/ice_staff"
    },
    {
      "predicate": {
        "custom_model_data": 1002
      },
      "model": "default/withooker"
    },
    {
      "predicate": {
        "custom_model_data": 1003
      },
      "model": "iron_serpe"
    }
  ]
}