{"providers":[{"chars":["ꐐ"],"file":"default/chat/member_tag.png","ascent":9,"height":10,"type":"bitmap"},{"chars":["ꐑ"],"file":"default/chat/newbie_tag.png","ascent":9,"height":10,"type":"bitmap"},{"chars":["ꐒ"],"file":"default/chat/novice_tag.png","ascent":9,"height":10,"type":"bitmap"},{"chars":["ꐓ"],"file":"default/chat/voter_tag.png","ascent":9,"height":10,"type":"bitmap"},{"chars":["ꐔ"],"file":"default/chat/youtuber_tag.png","ascent":9,"height":10,"type":"bitmap"},{"chars":["ꐕ"],"file":"default/chat/vip_tag.png","ascent":9,"height":10,"type":"bitmap"},{"chars":["ꐖ"],"file":"default/chat/vipp_tag.png","ascent":9,"height":10,"type":"bitmap"},{"chars":["ꐗ"],"file":"default/chat/vippp_tag.png","ascent":9,"height":10,"type":"bitmap"},{"chars":["ꐶ"],"file":"default/chat/mvp_tag.png","ascent":9,"height":10,"type":"bitmap"},{"chars":["ꐷ"],"file":"default/chat/mvpp_tag.png","ascent":9,"height":10,"type":"bitmap"},{"chars":["ꐸ"],"file":"default/chat/mvppp_tag.png","ascent":9,"height":10,"type":"bitmap"},{"chars":["ꐹ"],"file":"default/chat/emperor_tag.png","ascent":9,"height":10,"type":"bitmap"},{"chars":["ꐺ"],"file":"default/chat/mod_tag.png","ascent":9,"height":10,"type":"bitmap"},{"chars":["ꐻ"],"file":"default/chat/admin_tag.png","ascent":9,"height":10,"type":"bitmap"},{"chars":["ꐼ"],"file":"default/chat/director_tag.png","ascent":9,"height":10,"type":"bitmap"},{"chars":["ꐽ"],"file":"default/chat/helper_tag.png","ascent":9,"height":10,"type":"bitmap"},{"chars":["ꐾ"],"file":"default/chat/builder_tag.png","ascent":9,"height":10,"type":"bitmap"},{"chars":["ꑃ"],"file":"default/chat/owner_tag.png","ascent":9,"height":10,"type":"bitmap"},{"chars":["ꑍ"],"file":"default/chat/ancestor_tag.png","ascent":9,"height":10,"type":"bitmap"},{"chars":["ꑎ"],"file":"default/chat/immortal_tag.png","ascent":9,"height":10,"type":"bitmap"},{"chars":["ꑏ"],"file":"default/chat/draconic_tag.png","ascent":9,"height":10,"type":"bitmap"},{"chars":["ꑐ"],"file":"default/chat/support_tag.png","ascent":9,"height":10,"type":"bitmap"},{"chars":["ꑑ"],"file":"default/chat/rstaff_tag.png","ascent":9,"height":10,"type":"bitmap"},{"chars":["ꑒ"],"file":"default/chat/staff_tag.png","ascent":9,"height":10,"type":"bitmap"},{"chars":["ꑓ"],"file":"default/chat/twitch_tag.png","ascent":9,"height":10,"type":"bitmap"},{"chars":["ꑔ"],"file":"default/chat/tiktok_tag.png","ascent":9,"height":10,"type":"bitmap"},{"chars":["ꑕ"],"file":"default/chat/patreon_tag.png","ascent":9,"height":10,"type":"bitmap"},{"chars":["ꑖ"],"file":"default/chat/warrior_tag.png","ascent":9,"height":10,"type":"bitmap"},{"chars":["ꑗ"],"file":"default/chat/monk_tag.png","ascent":9,"height":10,"type":"bitmap"},{"chars":["ꐘ"],"file":"default/chat/easy_tag.png","ascent":9,"height":10,"type":"bitmap"},{"chars":["ꐟ"],"file":"required/exit_icon.png","ascent":9,"height":10,"type":"bitmap"},{"chars":["ꐿ"],"file":"default/chat/hard_tag.png","ascent":9,"height":10,"type":"bitmap"},{"chars":["ꑀ"],"file":"default/chat/talk.png","ascent":8,"height":8,"type":"bitmap"},{"chars":["ꑁ"],"file":"default/chat/shop.png","ascent":8,"height":8,"type":"bitmap"},{"chars":["ꑂ"],"file":"default/chat/info.png","ascent":8,"height":8,"type":"bitmap"},{"chars":["ꑌ"],"file":"default/chat/warp.png","ascent":8,"height":8,"type":"bitmap"},{"chars":["ꑘ"],"file":"default/chat/donate.png","ascent":8,"height":8,"type":"bitmap"},{"chars":["ꑙ"],"file":"default/chat/pshop.png","ascent":8,"height":8,"type":"bitmap"},{"chars":["ꑚ"],"file":"default/chat/kits.png","ascent":8,"height":8,"type":"bitmap"},{"chars":["ꑛ"],"file":"default/chat/alchemist.png","ascent":8,"height":8,"type":"bitmap"},{"chars":["ꑜ"],"file":"default/chat/tinkerer.png","ascent":8,"height":8,"type":"bitmap"},{"chars":["ꑝ"],"file":"default/chat/enchanter.png","ascent":8,"height":8,"type":"bitmap"},{"chars":["ꑞ"],"file":"default/chat/battlepass.png","ascent":8,"height":8,"type":"bitmap"},{"chars":["ꑟ"],"file":"default/chat/reforge.png","ascent":8,"height":8,"type":"bitmap"},{"chars":["ꑠ"],"file":"default/chat/vault.png","ascent":8,"height":8,"type":"bitmap"},{"chars":["ꑡ"],"file":"default/chat/server.png","ascent":8,"height":8,"type":"bitmap"},{"chars":["ꑢ"],"file":"default/chat/bank.png","ascent":8,"height":8,"type":"bitmap"},{"chars":["ꑣ"],"file":"default/chat/trader.png","ascent":8,"height":8,"type":"bitmap"},{"chars":["ꑤ"],"file":"default/chat/quest.png","ascent":8,"height":8,"type":"bitmap"},{"chars":["ꑥ"],"file":"default/chat/auction.png","ascent":8,"height":8,"type":"bitmap"},{"chars":["ꑦ"],"file":"default/chat/market.png","ascent":8,"height":8,"type":"bitmap"},{"chars":["ꑧ"],"file":"default/chat/menu.png","ascent":8,"height":8,"type":"bitmap"},{"chars":["ꑨ"],"file":"default/chat/jobs.png","ascent":8,"height":8,"type":"bitmap"},{"chars":["ꑩ"],"file":"default/chat/security.png","ascent":8,"height":8,"type":"bitmap"},{"chars":["ꑪ"],"file":"default/chat/peddler.png","ascent":8,"height":8,"type":"bitmap"},{"chars":["ꑫ"],"file":"default/chat/merchant.png","ascent":8,"height":8,"type":"bitmap"},{"chars":["ꑬ"],"file":"default/chat/keysmith.png","ascent":8,"height":8,"type":"bitmap"},{"chars":["ꑭ"],"file":"default/chat/exchange.png","ascent":8,"height":8,"type":"bitmap"},{"chars":["ꑮ"],"file":"default/chat/rewards.png","ascent":8,"height":8,"type":"bitmap"},{"chars":["ꑯ"],"file":"default/chat/cosmetics.png","ascent":8,"height":8,"type":"bitmap"},{"chars":["ꑰ"],"file":"default/chat/rankup.png","ascent":8,"height":8,"type":"bitmap"},{"chars":["ꐙ"],"file":"required/logo.png","ascent":20,"height":36,"type":"bitmap"},{"chars":["ꐛ"],"file":"required/recipe_showcase.png","ascent":40,"height":164,"type":"bitmap"},{"chars":["ꐜ"],"file":"required/ui/menu_items.png","ascent":37,"height":256,"type":"bitmap"},{"chars":["ꐝ"],"file":"required/ui/menu_items_gems.png","ascent":37,"height":256,"type":"bitmap"},{"chars":["ꐞ"],"file":"required/recipe_stonecutter.png","ascent":40,"height":164,"type":"bitmap"},{"chars":["ꑱ"],"file":"default/chat/common_tag.png","ascent":9,"height":10,"type":"bitmap"},{"chars":["ꑲ"],"file":"default/chat/uncommon_tag.png","ascent":9,"height":10,"type":"bitmap"},{"chars":["ꑳ"],"file":"default/chat/rare_tag.png","ascent":9,"height":10,"type":"bitmap"},{"chars":["ꑴ"],"file":"default/chat/ultrarare_tag.png","ascent":9,"height":10,"type":"bitmap"},{"chars":["ꑵ"],"file":"default/chat/epic_tag.png","ascent":9,"height":10,"type":"bitmap"},{"chars":["ꑶ"],"file":"default/chat/heroic_tag.png","ascent":9,"height":10,"type":"bitmap"},{"chars":["ꑷ"],"file":"default/chat/legendary_tag.png","ascent":9,"height":10,"type":"bitmap"},{"chars":["ꑸ"],"file":"default/chat/mythical_tag.png","ascent":9,"height":10,"type":"bitmap"},{"chars":["ꑹ"],"file":"default/chat/heavenly_tag.png","ascent":9,"height":10,"type":"bitmap"},{"chars":["ꐚ"],"file":"required/exit_icon.png","ascent":8,"height":8,"type":"bitmap"},{"chars":["ꐠ"],"file":"required/null.png","ascent":-32768,"height":-1,"type":"bitmap"},{"chars":["ꐡ"],"file":"required/null.png","ascent":-32768,"height":0,"type":"bitmap"},{"chars":["ꐢ"],"file":"required/null.png","ascent":-32768,"height":2,"type":"bitmap"},{"chars":["ꐣ"],"file":"required/null.png","ascent":-32768,"height":6,"type":"bitmap"},{"chars":["ꐤ"],"file":"required/null.png","ascent":-32768,"height":14,"type":"bitmap"},{"chars":["ꐥ"],"file":"required/null.png","ascent":-32768,"height":30,"type":"bitmap"},{"chars":["ꐦ"],"file":"required/null.png","ascent":-32768,"height":62,"type":"bitmap"},{"chars":["ꐧ"],"file":"required/null.png","ascent":-32768,"height":126,"type":"bitmap"},{"chars":["ꐨ"],"file":"required/null.png","ascent":-32768,"height":254,"type":"bitmap"},{"chars":["ꐩ"],"file":"required/null.png","ascent":-32768,"height":510,"type":"bitmap"},{"chars":["ꐪ"],"file":"required/null.png","ascent":-32768,"height":1022,"type":"bitmap"},{"chars":["ꐫ"],"file":"required/null.png","ascent":-32768,"height":-3,"type":"bitmap"},{"chars":["ꐬ"],"file":"required/null.png","ascent":-32768,"height":-4,"type":"bitmap"},{"chars":["ꐭ"],"file":"required/null.png","ascent":-32768,"height":-6,"type":"bitmap"},{"chars":["ꐮ"],"file":"required/null.png","ascent":-32768,"height":-10,"type":"bitmap"},{"chars":["ꐯ"],"file":"required/null.png","ascent":-32768,"height":-18,"type":"bitmap"},{"chars":["ꐰ"],"file":"required/null.png","ascent":-32768,"height":-34,"type":"bitmap"},{"chars":["ꐱ"],"file":"required/null.png","ascent":-32768,"height":-66,"type":"bitmap"},{"chars":["ꐲ"],"file":"required/null.png","ascent":-32768,"height":-130,"type":"bitmap"},{"chars":["ꐳ"],"file":"required/null.png","ascent":-32768,"height":-258,"type":"bitmap"},{"chars":["ꐴ"],"file":"required/null.png","ascent":-32768,"height":-514,"type":"bitmap"},{"chars":["ꐵ"],"file":"required/null.png","ascent":-32768,"height":-1026,"type":"bitmap"},{"chars":["ꑆ"],"file":"parallax_studios/tab/blogo.png","ascent":35,"height":56,"type":"bitmap"},{"chars":["ꑅ"],"file":"parallax_studios/tab/slogo.png","ascent":20,"height":45,"type":"bitmap"},{"chars":["ꑄ"],"file":"parallax_studios/tab/line.png","ascent":7,"height":10,"type":"bitmap"},{"chars":["ꑇ"],"file":"parallax_studios/tab/coin.png","ascent":11,"height":16,"type":"bitmap"},{"chars":["ꑈ"],"file":"parallax_studios/tab/rank.png","ascent":11,"height":16,"type":"bitmap"},{"chars":["ꑉ"],"file":"parallax_studios/tab/kill.png","ascent":11,"height":16,"type":"bitmap"},{"chars":["ꑊ"],"file":"parallax_studios/tab/death.png","ascent":11,"height":16,"type":"bitmap"},{"chars":["ꑋ"],"file":"parallax_studios/tab/playtime.png","ascent":11,"height":16,"type":"bitmap"}]}